mean_rota_choice_quantity,mean_weekly_working_days,mean_difference_in_rotas,local_fitness,working_saturday_proportion,control,Faulty
3.5,5.0,4.0,-0.3571428571428571,0.2307692307692307,False,True
4.0,4.461538461538462,,-0.8571428571428571,0.2307692307692307,False,True
2.7142857142857144,4.9230769230769225,5.428571428571429,-0.183673469387755,0.2307692307692308,False,True
4.0,4.461538461538462,,-0.8571428571428571,0.2307692307692307,False,True
2.6666666666666665,4.666666666666667,10.0,-0.5238095238095238,0.2307692307692307,False,True
3.5,5.0,6.0,-0.1785714285714285,0.2307692307692307,False,True
2.75,4.615384615384615,13.333333333333334,-0.1428571428571428,0.2307692307692307,False,True
3.0,5.0,,-0.4285714285714285,0.2307692307692307,False,True
4.0,5.0,0.0,-0.7142857142857143,0.2307692307692307,False,True
3.333333333333333,4.666666666666667,11.333333333333334,-0.3174603174603175,0.2307692307692307,False,True
3.6666666666666665,5.0,2.6666666666666665,-0.365079365079365,0.2307692307692307,False,True
3.25,4.115384615384615,19.33333333333333,-0.4642857142857143,0.2307692307692307,False,True
2.0,5.0,,-0.5714285714285714,0.2307692307692307,False,True
3.0,4.615384615384615,13.0,-0.1428571428571428,0.2307692307692307,False,True
1.0,4.461538461538462,,-1.0,0.2307692307692307,False,True
3.0,5.0,2.0,-0.3571428571428571,0.2307692307692307,False,True
3.142857142857143,4.78021978021978,11.523809523809524,-0.19533527696793,0.2307692307692308,False,True
1.0,5.0,,-0.5714285714285714,0.2307692307692307,False,True
3.142857142857143,4.9230769230769225,5.714285714285714,-0.1690962099125364,0.2307692307692308,False,True
3.0,5.0,4.333333333333333,-0.1607142857142857,0.2307692307692307,False,True
3.4,4.584615384615384,12.4,-0.1028571428571428,0.2307692307692307,False,True
3.0,5.0,,-0.5714285714285714,0.2307692307692307,False,True
2.833333333333333,4.653846153846153,12.333333333333334,-0.1785714285714285,0.1923076923076923,False,True
3.0,4.5,15.0,-0.4642857142857143,0.2307692307692307,False,True
4.0,5.0,,-0.5714285714285714,0.2307692307692307,False,True
3.0,4.5,15.0,-0.3214285714285714,0.2307692307692307,False,True
3.0,4.75,9.166666666666666,-0.3660714285714285,0.2307692307692307,False,True
1.0,5.0,,-0.7142857142857143,0.2307692307692307,False,True
2.0,4.0,,-0.8571428571428571,0.2307692307692307,False,True
2.6666666666666665,4.666666666666667,9.866666666666667,-0.3174603174603175,0.2307692307692308,False,True
4.0,4.0,,-1.0,0.0,False,True
3.0,4.461538461538462,,-1.0,0.2307692307692307,False,True
3.5,5.0,4.0,-0.3928571428571428,0.2307692307692307,False,True
3.2,4.892307692307692,7.2,-0.1771428571428571,0.2307692307692307,False,True
3.25,4.75,7.5,-0.3214285714285714,0.2307692307692307,False,True
2.333333333333333,4.153846153846154,21.33333333333333,-0.2222222222222222,0.2307692307692307,False,True
3.5,5.0,4.0,-0.1607142857142857,0.2307692307692307,False,True
2.857142857142857,4.78021978021978,8.761904761904763,-0.1749271137026239,0.2307692307692308,False,True
2.75,5.0,7.0,-0.1785714285714285,0.2307692307692307,False,True
3.0,4.740384615384615,9.392857142857142,-0.1674107142857142,0.2307692307692307,False,True
3.333333333333333,5.0,4.0,-0.1587301587301587,0.1538461538461538,False,True
3.0,4.892307692307692,7.0,-0.1771428571428571,0.2307692307692307,False,True
1.0,5.0,,-0.5714285714285714,0.2307692307692307,False,True
2.5,4.615384615384615,13.0,-0.0982142857142857,0.2307692307692307,False,True
2.8,4.492307692307692,14.6,-0.0914285714285713,0.2307692307692307,False,True
2.6,4.584615384615384,13.0,-0.1599999999999999,0.2307692307692307,False,True
2.5,4.91025641025641,5.933333333333334,-0.1825396825396825,0.2307692307692308,False,True
3.0,5.0,,-0.5714285714285714,0.2307692307692307,False,True
3.111111111111111,4.769230769230769,9.38888888888889,-0.1922398589065255,0.2051282051282051,False,True
4.0,4.487179487179487,16.0,-0.0634920634920634,0.2307692307692307,False,True
3.5,5.0,0.0,-0.4285714285714285,0.2307692307692307,False,True
2.8,4.6,11.0,-0.2685714285714285,0.2307692307692307,False,True
3.0,4.75,7.5,-0.5446428571428571,0.2307692307692307,False,True
4.0,5.0,,-0.7142857142857143,0.2307692307692307,False,True
4.0,5.0,,-0.7142857142857143,0.2307692307692307,False,True
1.0,5.0,,-0.5714285714285714,0.2307692307692307,False,True
3.5,4.5,15.0,-0.4642857142857143,0.2307692307692307,False,True
2.6666666666666665,4.153846153846154,16.666666666666668,-0.380952380952381,0.2307692307692307,False,True
2.333333333333333,5.0,8.666666666666666,-0.1746031746031746,0.2307692307692307,False,True
3.333333333333333,5.0,3.333333333333333,-0.3968253968253968,0.2307692307692307,False,True
1.0,5.0,,-0.5714285714285714,0.2307692307692307,False,True
3.4,4.8,11.2,-0.1999999999999999,0.1846153846153846,False,True
3.0,5.0,2.6666666666666665,-0.3968253968253968,0.2307692307692307,False,True
4.0,5.0,,-0.2857142857142857,0.0,False,True
3.0,4.91025641025641,6.733333333333333,-0.2103174603174603,0.1923076923076923,False,True
3.0,4.692307692307692,10.6,-0.0857142857142856,0.2307692307692307,False,True
3.6666666666666665,5.0,4.666666666666667,-0.1428571428571428,0.2307692307692307,False,True
2.857142857142857,4.703296703296703,9.904761904761903,-0.1457725947521866,0.2307692307692308,False,True
3.75,5.0,5.333333333333333,-0.2053571428571428,0.173076923076923,False,True
2.0,4.0,,-1.0,0.2307692307692307,False,True
1.0,5.0,,-0.5714285714285714,0.2307692307692307,False,True
3.0,4.230769230769231,22.0,-0.4642857142857143,0.2307692307692307,False,True
1.0,4.0,,-1.0,0.2307692307692307,False,True
3.0,4.666666666666667,11.333333333333334,-0.3174603174603175,0.2307692307692307,False,True
3.0,4.480769230769231,14.5,-0.0892857142857142,0.2307692307692307,False,True
2.333333333333333,4.653846153846153,11.666666666666666,-0.1507936507936507,0.2307692307692308,False,True
3.0,5.0,,-0.5714285714285714,0.2307692307692307,False,True
2.6,4.584615384615384,12.8,-0.1314285714285714,0.2307692307692307,False,True
3.0,4.892307692307692,9.8,-0.2114285714285714,0.2307692307692307,False,True
3.0,4.743589743589744,10.0,-0.1626984126984127,0.2307692307692308,False,True
2.555555555555556,4.769230769230769,8.61111111111111,-0.1393298059964726,0.2307692307692307,False,True
2.4285714285714284,4.714285714285714,8.952380952380953,-0.3469387755102041,0.2307692307692308,False,True
2.0,5.0,,-0.5714285714285714,0.2307692307692307,False,True
3.0,4.461538461538462,,-1.0,0.2307692307692307,False,True
2.8,4.892307692307692,6.6,-0.1485714285714285,0.2307692307692307,False,True
4.0,5.0,6.0,-0.2142857142857142,0.1153846153846153,False,True
3.0,4.5,15.0,-0.4642857142857143,0.2307692307692307,False,True
3.6666666666666665,5.0,0.0,-0.5714285714285714,0.2307692307692307,False,True
3.0,4.865384615384615,7.833333333333333,-0.1607142857142857,0.2307692307692307,False,True
3.25,4.115384615384615,15.333333333333334,-0.375,0.2307692307692307,False,True
1.75,4.682692307692308,10.178571428571429,-0.09375,0.2307692307692307,False,True
4.0,5.0,,-0.5714285714285714,0.2307692307692307,False,True
2.6666666666666665,4.666666666666667,10.0,-0.3809523809523809,0.2307692307692307,False,True
2.333333333333333,4.833333333333333,7.266666666666667,-0.111111111111111,0.2307692307692308,False,True
2.2,4.584615384615384,13.0,-0.1314285714285714,0.2307692307692307,False,True
2.75,4.865384615384615,7.166666666666667,-0.1785714285714285,0.2307692307692307,False,True
3.333333333333333,4.666666666666667,10.0,-0.5238095238095238,0.2307692307692307,False,True
4.0,4.730769230769231,13.0,-0.1071428571428571,0.1153846153846153,False,True
2.6666666666666665,4.653846153846153,11.133333333333333,-0.1309523809523809,0.2307692307692308,False,True
3.5,5.0,2.0,-0.3928571428571428,0.2307692307692307,False,True
3.0,4.82051282051282,10.666666666666666,-0.2063492063492063,0.1538461538461538,False,True
4.0,4.615384615384615,12.333333333333334,-0.1160714285714285,0.2307692307692307,False,True
2.0,5.0,,-0.5714285714285714,0.2307692307692307,False,True
2.8,4.692307692307692,11.0,-0.1257142857142857,0.2307692307692307,False,True
1.0,4.0,,-1.0,0.2307692307692307,False,True
2.0,5.0,,-0.4285714285714285,0.2307692307692307,False,True
3.5,5.0,4.0,-0.1607142857142857,0.2307692307692307,False,True
2.333333333333333,4.653846153846153,11.666666666666666,-0.1507936507936507,0.2307692307692308,False,True
2.5,5.0,2.333333333333333,-0.3839285714285714,0.2307692307692307,False,True
2.5,4.0,16.0,-1.0,0.2307692307692307,False,True
2.6666666666666665,4.666666666666667,10.0,-0.3174603174603175,0.2307692307692308,False,True
4.0,4.5,15.0,-0.4642857142857143,0.2307692307692307,False,True
3.25,4.615384615384615,12.333333333333334,-0.1160714285714285,0.2307692307692307,False,True
2.6666666666666665,4.91025641025641,6.733333333333333,-0.1865079365079365,0.1923076923076923,False,True
3.0,4.487179487179487,17.333333333333332,-0.0634920634920634,0.1538461538461538,False,True
2.5,5.0,2.333333333333333,-0.3839285714285714,0.2307692307692307,False,True
1.0,4.0,,-1.0,0.2307692307692307,False,True
2.75,4.615384615384615,13.0,-0.0982142857142857,0.2307692307692307,False,True
2.8,4.8,7.4,-0.36,0.2307692307692307,False,True
3.0,4.91025641025641,6.2,-0.1626984126984127,0.2307692307692308,False,True
4.0,5.0,0.0,-0.5714285714285714,0.2307692307692307,False,True
2.8,4.8,7.2,-0.36,0.2307692307692307,False,True
3.25,5.0,2.6666666666666665,-0.3839285714285714,0.2307692307692307,False,True
3.5,4.5,15.0,-0.0625,0.173076923076923,False,True
4.0,5.0,,-0.5714285714285714,0.2307692307692307,False,True
4.0,4.461538461538462,,-1.0,0.2307692307692307,False,True
2.2,5.0,2.4,-0.3828571428571428,0.2307692307692307,False,True
2.857142857142857,4.571428571428571,11.238095238095235,-0.2769679300291545,0.2307692307692308,False,True
1.0,4.461538461538462,,-1.0,0.2307692307692307,False,True
4.0,5.0,,-0.5714285714285714,0.2307692307692307,False,True
4.0,4.0,,-1.0,0.2307692307692307,False,True
2.5,4.833333333333333,6.466666666666667,-0.369047619047619,0.2307692307692308,False,True
2.4285714285714284,5.0,3.7142857142857135,-0.183673469387755,0.1978021978021978,False,True
4.0,4.230769230769231,18.0,-0.4642857142857143,0.2307692307692307,False,True
4.0,4.487179487179487,14.0,-0.2698412698412698,0.2307692307692307,False,True
3.4,4.584615384615384,12.0,-0.0628571428571428,0.2307692307692307,False,True
2.333333333333333,4.666666666666667,11.6,-0.111111111111111,0.1923076923076923,False,True
1.0,5.0,,-0.5714285714285714,0.2307692307692307,False,True
3.4,4.892307692307692,6.4,-0.1485714285714285,0.2307692307692307,False,True
3.0,4.833333333333333,6.733333333333333,-0.3531746031746032,0.2307692307692308,False,True
3.25,4.75,8.833333333333334,-0.3660714285714285,0.2307692307692307,False,True
2.833333333333333,4.487179487179486,14.8,-0.119047619047619,0.2307692307692308,False,True
3.0,5.0,6.0,-0.2142857142857142,0.1153846153846153,False,True
2.8,4.892307692307692,6.4,-0.1771428571428571,0.2307692307692307,False,True
4.0,4.5,15.0,-0.4642857142857143,0.2307692307692307,False,True
3.0,4.730769230769231,13.0,-0.1071428571428571,0.2307692307692307,False,True
3.5,5.0,2.0,-0.3571428571428571,0.2307692307692307,False,True
1.0,5.0,,-0.5714285714285714,0.2307692307692307,False,True
2.6,4.6,13.0,-0.0742857142857142,0.1846153846153846,False,True
3.0,5.0,4.0,-0.1657142857142856,0.2307692307692307,False,True
1.0,4.461538461538462,,-1.0,0.2307692307692307,False,True
3.6666666666666665,4.666666666666667,11.333333333333334,-0.3174603174603175,0.2307692307692307,False,True
1.0,4.0,,-1.0,0.2307692307692307,False,True
2.5,4.0,6.0,-1.0,0.2307692307692307,False,True
2.2,5.0,3.4,-0.1657142857142856,0.2307692307692307,False,True
3.75,4.865384615384615,7.833333333333333,-0.1607142857142857,0.2307692307692307,False,True
2.6666666666666665,4.666666666666667,10.666666666666666,-0.0753968253968253,0.2307692307692308,False,True
3.0,4.91025641025641,5.666666666666667,-0.1626984126984127,0.2307692307692308,False,True
3.75,4.865384615384615,7.166666666666667,-0.1517857142857142,0.2307692307692307,False,True
1.0,4.0,,-1.0,0.2307692307692307,False,True
2.8086956521739133,4.577257525083612,12.050953470633104,-0.1141177048015854,0.2247491638795987,False,True
2.8086956521739133,4.664214046822742,10.99588100686499,-0.1339256666522872,0.2207357859531772,True,True
2.8086956521739133,4.6287625418060205,11.570404271548435,-0.1470189241695216,0.2227424749163879,True,True
2.8086956521739133,4.610702341137125,11.62227307398932,-0.1365250123285197,0.2167224080267558,True,True
2.8086956521739133,4.631438127090301,11.400152555301297,-0.1405575653312574,0.2247491638795987,True,True
2.8086956521739133,4.631438127090301,11.64881769641495,-0.1476772216500797,0.2187290969899666,True,True
2.8086956521739133,4.666889632107023,10.753623188405795,-0.1497362144981875,0.2207357859531772,True,True
2.8086956521739133,4.648160535117056,11.125247902364608,-0.1415826191094093,0.2227424749163879,True,True
2.8086956521739133,4.635451505016722,11.27810831426392,-0.1373140857981853,0.2207357859531772,True,True
2.8086956521739133,4.618729096989967,11.67810831426392,-0.1346399129519143,0.2227424749163879,True,True
2.8086956521739133,4.610033444816053,11.666209000762777,-0.1385428541672225,0.2247491638795987,True,True
2.8086956521739133,4.6173913043478265,11.919450800915332,-0.1527212098331198,0.2207357859531772,True,True
2.8086956521739133,4.673578595317726,10.738977879481313,-0.1416496738786079,0.2227424749163879,True,True
2.8086956521739133,4.652842809364548,10.71121281464531,-0.1403467969163448,0.2267558528428093,True,True
2.8086956521739133,4.632775919732441,11.652784134248666,-0.1467498566912154,0.2247491638795986,True,True
2.8086956521739133,4.646153846153847,10.772234935163995,-0.1282632966191554,0.2227424749163879,True,True
2.8086956521739133,4.648829431438127,11.067276887871854,-0.1426712907075807,0.2227424749163879,True,True
2.8086956521739133,4.650167224080267,10.995575896262396,-0.1401766180449631,0.2207357859531772,True,True
2.8086956521739133,4.623411371237458,11.651868802440886,-0.1404312312347006,0.2207357859531772,True,True
2.8086956521739133,4.654180602006689,10.765217391304349,-0.1432613528980479,0.2247491638795987,True,True
2.8086956521739133,4.636120401337793,11.151182303585047,-0.1310813785843368,0.2267558528428093,True,True
2.8086956521739133,4.645484949832777,10.963539282990084,-0.1287033825486283,0.2247491638795987,True,True
2.8086956521739133,4.663545150501672,10.740808543096872,-0.1457610566808069,0.2247491638795986,True,True
2.8086956521739133,4.644816053511706,11.288482074752098,-0.148154960291804,0.2267558528428093,True,True
2.8086956521739133,4.640802675585284,11.114263920671243,-0.1369982368594313,0.2267558528428093,True,True
2.8086956521739133,4.671571906354515,10.808543096872617,-0.1514089862053037,0.2207357859531772,True,True
2.8086956521739133,4.649498327759198,11.18688024408848,-0.1507186985899244,0.2207357859531772,True,True
2.8086956521739133,4.636120401337793,11.34004576659039,-0.135491241932906,0.2247491638795987,True,True
2.8086956521739133,4.650836120401338,11.03859649122807,-0.1420301018913383,0.2227424749163879,True,True
2.8086956521739133,4.6695652173913045,10.785964912280702,-0.1456277174167922,0.2227424749163879,True,True
2.8086956521739133,4.653511705685619,11.34370709382151,-0.1597107006291146,0.2207357859531772,True,True
2.8086956521739133,4.662876254180603,11.069107551487416,-0.1526438229896333,0.2207357859531772,True,True
2.8086956521739133,4.641471571906354,11.183829138062547,-0.1473486477588318,0.2247491638795986,True,True
2.8086956521739133,4.662876254180602,10.834172387490463,-0.1371584007962844,0.2187290969899666,True,True
2.8086956521739133,4.62675585284281,11.315026697177728,-0.135527197618405,0.2247491638795986,True,True
2.8086956521739133,4.640802675585284,10.968726163234171,-0.1258259850535036,0.2227424749163879,True,True
2.8086956521739133,4.65886287625418,10.821967963386728,-0.139292241149087,0.2207357859531772,True,True
2.8086956521739133,4.658193979933111,10.880549199084667,-0.1602368463858548,0.2207357859531772,True,True
2.8086956521739133,4.632107023411371,11.07490465293669,-0.119867249292601,0.2247491638795987,True,True
2.8086956521739133,4.644147157190636,11.35530129672006,-0.1389651241913538,0.2267558528428093,True,True
2.8086956521739133,4.68428093645485,10.489092295957285,-0.1392511776854949,0.2207357859531772,True,True
2.8086956521739133,4.666220735785953,10.835697940503431,-0.1542157033114352,0.2247491638795986,True,True
2.8086956521739133,4.636120401337793,11.3906941266209,-0.1380791393171143,0.2247491638795986,True,True
2.8086956521739133,4.619397993311037,11.547215865751337,-0.1370982048810278,0.2247491638795986,True,True
2.8086956521739133,4.65819397993311,11.006864988558352,-0.1511322601018454,0.2227424749163879,True,True
2.8086956521739133,4.648160535117056,11.461479786422576,-0.158939763457438,0.2227424749163879,True,True
2.8086956521739133,4.693645484949832,10.235240274599542,-0.1402757287593727,0.2247491638795987,True,True
2.8086956521739133,4.600668896321071,12.05308924485126,-0.1542942990791713,0.2187290969899665,True,True
2.8086956521739133,4.622073578595318,11.444698703279938,-0.1430883291116094,0.2267558528428093,True,True
2.8086956521739133,4.652842809364548,10.964454614797864,-0.1504897811470606,0.2207357859531772,True,True
2.8086956521739133,4.649498327759197,11.172845156369185,-0.1383199661554792,0.2247491638795987,True,True
2.8086956521739133,4.646822742474916,10.97116704805492,-0.126197306394159,0.2227424749163879,True,True
2.8086956521739133,4.645484949832777,11.131655225019069,-0.1378921451572,0.2247491638795987,True,True
2.8086956521739133,4.654180602006689,10.781693363844392,-0.1427104457326116,0.2247491638795986,True,True
2.8086956521739133,4.668227424749164,10.75301296720061,-0.1469540407600842,0.2227424749163879,True,True
2.8086956521739133,4.648160535117057,11.109992372234936,-0.1458220552214836,0.2207357859531772,True,True
2.8086956521739133,4.701672240802676,10.108924485125858,-0.1549748266878201,0.2207357859531772,True,True
2.8086956521739133,4.654180602006689,11.146300533943554,-0.1487666106284454,0.2207357859531772,True,True
2.8086956521739133,4.672240802675586,10.62517162471396,-0.1420528683439907,0.2227424749163879,True,True
2.8086956521739133,4.666889632107024,10.70327993897788,-0.1518338503706286,0.2207357859531772,True,True
2.8086956521739133,4.654180602006689,11.285430968726164,-0.1592885164125061,0.2227424749163879,True,True
2.8086956521739133,4.665551839464883,10.645308924485128,-0.1437714764143137,0.2227424749163879,True,True
2.8086956521739133,4.683612040133778,10.746300533943554,-0.1624425309369606,0.2187290969899665,True,True
2.8086956521739133,4.635451505016722,11.708314263920672,-0.1594625338054502,0.2207357859531772,True,True
2.8086956521739133,4.653511705685618,10.912280701754383,-0.1355731934748548,0.2207357859531772,True,True
2.8086956521739133,4.6575250836120405,11.031273836765829,-0.1420317523055773,0.2227424749163879,True,True
2.8086956521739133,4.628093645484951,11.471243325705569,-0.144265750284237,0.2227424749163879,True,True
2.8086956521739133,4.696989966555185,10.256598016781084,-0.1562998861672595,0.2187290969899666,True,True
2.8086956521739133,4.613377926421404,11.817543859649122,-0.14004533532178,0.2207357859531772,True,True
2.8086956521739133,4.650167224080267,11.225324180015257,-0.1454369951091083,0.2247491638795986,True,True
2.8086956521739133,4.654849498327759,11.193897787948131,-0.1348679636274792,0.2247491638795986,True,True
2.8086956521739133,4.645484949832777,11.329061784897023,-0.1486539836701626,0.2227424749163879,True,True
2.8086956521739133,4.632775919732441,11.60793287566743,-0.1467963505796753,0.2207357859531772,True,True
2.8086956521739133,4.666889632107023,11.1627765064836,-0.1662696020110789,0.2167224080267558,True,True
2.8086956521739133,4.667558528428093,10.57025171624714,-0.1353559892332241,0.2247491638795986,True,True
2.8086956521739133,4.632107023411371,11.193897787948131,-0.138832607004195,0.2207357859531772,True,True
2.8086956521739133,4.650167224080267,10.746910755148742,-0.1343002641415996,0.2227424749163879,True,True
2.8086956521739133,4.662207357859532,10.731960335621665,-0.141625427180291,0.2227424749163879,True,True
2.8086956521739133,4.621404682274248,11.65491990846682,-0.1434833979565053,0.2207357859531772,True,True
2.8086956521739133,4.650167224080267,11.11304347826087,-0.148476614315824,0.2167224080267558,True,True
2.8086956521739133,4.654180602006689,11.192677345537758,-0.1377747202607396,0.2247491638795986,True,True
2.8086956521739133,4.618060200668896,11.409610983981691,-0.1255711152986103,0.2227424749163879,True,True
2.8086956521739133,4.662207357859532,10.741113653699466,-0.1427360021118693,0.2227424749163879,True,True
2.8086956521739133,4.672240802675586,11.04286803966438,-0.1541234337845463,0.2167224080267558,True,True
2.8086956521739133,4.661538461538462,10.873226544622426,-0.1402373941358773,0.2227424749163879,True,True
2.8086956521739133,4.690301003344483,10.25354691075515,-0.1331795707980441,0.2247491638795987,True,True
2.8086956521739133,4.68628762541806,10.6093058733791,-0.1582978115890072,0.2207357859531772,True,True
2.8086956521739133,4.701003344481606,10.16842105263158,-0.1530971247603847,0.2207357859531772,True,True
2.8086956521739133,4.616053511705685,11.49351639969489,-0.1300409894701984,0.2227424749163879,True,True
2.8086956521739133,4.680936454849498,10.576353928299008,-0.154267427265262,0.2227424749163879,True,True
2.8086956521739133,4.680936454849498,10.204424103737605,-0.1420323434859825,0.2267558528428093,True,True
2.8086956521739133,4.623411371237458,11.425781845919143,-0.1467740180883675,0.2207357859531772,True,True
2.8086956521739133,4.654180602006689,10.69717772692601,-0.1329989268598152,0.2267558528428093,True,True
2.8086956521739133,4.677591973244147,10.352402745995423,-0.1290896195484898,0.2207357859531772,True,True
2.8086956521739133,4.648160535117057,11.034935163996948,-0.1472841672167692,0.2267558528428093,True,True
2.8086956521739133,4.652842809364548,11.264073226544625,-0.151547337057931,0.2187290969899665,True,True
2.8086956521739133,4.676254180602007,10.854614797864226,-0.1502796028345454,0.2187290969899665,True,True
2.8086956521739133,4.632107023411371,11.796491228070176,-0.1541658142145301,0.2187290969899666,True,True
2.8086956521739133,4.671571906354515,10.7954233409611,-0.152405548768943,0.2167224080267558,True,True
2.8086956521739133,4.65484949832776,10.755148741418765,-0.1320277412265117,0.2247491638795986,True,True
2.8086956521739133,4.630769230769231,11.565217391304348,-0.1534505030464363,0.2207357859531772,True,True
2.8086956521739133,4.661538461538462,10.54187643020595,-0.1444437736798801,0.2267558528428093,True,True
2.8086956521739133,4.614715719063544,11.67261632341724,-0.14808041865334,0.2227424749163879,True,True
2.8086956521739133,4.635451505016722,11.311060259344012,-0.150810645220023,0.222742474916388,True,True
2.8086956521739133,4.636120401337793,11.652784134248666,-0.1523019594434272,0.2207357859531772,True,True
2.8086956521739133,4.670234113712374,10.534248665141114,-0.1405653024736459,0.2227424749163879,True,True
2.8086956521739133,4.644147157190636,11.20274599542334,-0.1467008546957934,0.2207357859531772,True,True
2.8086956521739133,4.671571906354514,10.700839054157132,-0.137918853258254,0.2227424749163879,True,True
2.8086956521739133,4.645484949832776,11.282379862700228,-0.1426630444530966,0.2207357859531772,True,True
2.8086956521739133,4.622742474916387,11.600305110602594,-0.1394318354556561,0.2227424749163879,True,True
2.8086956521739133,4.715719063545151,9.813882532418,-0.1601155011695989,0.2187290969899666,True,True
2.8086956521739133,4.662876254180603,10.97574370709382,-0.1569303253490739,0.2167224080267558,True,True
2.8086956521739133,4.640133779264215,11.53531655225019,-0.1489153868343925,0.2207357859531772,True,True
2.8086956521739133,4.654180602006689,11.114874141876433,-0.141678930348807,0.2247491638795987,True,True
2.8086956521739133,4.63010033444816,11.481922196796338,-0.1440416191791076,0.2207357859531772,True,True
2.8086956521739133,4.648160535117057,10.85949656750572,-0.1366769093329949,0.2227424749163879,True,True
2.8086956521739133,4.62876254180602,11.251868802440883,-0.1284596843483364,0.2207357859531772,True,True
2.8086956521739133,4.65551839464883,11.026392067124332,-0.1449150961633268,0.2267558528428093,True,True
2.8086956521739133,4.667558528428093,11.093211289092295,-0.1597260369428786,0.2227424749163879,True,True
2.8086956521739133,4.62809364548495,11.34187643020595,-0.1312600978178335,0.2227424749163879,True,True
2.8086956521739133,4.608026755852842,11.479176201372995,-0.1076285857379704,0.2247491638795986,True,True
2.8086956521739133,4.664882943143812,10.70419527078566,-0.1518221881845858,0.2227424749163879,True,True
2.8086956521739133,4.618729096989967,11.575896262395116,-0.132565992268737,0.2227424749163879,True,True
2.8086956521739133,4.667558528428094,10.993745232646834,-0.1477798045314098,0.2207357859531772,True,True
2.8086956521739133,4.6234113712374585,11.632951945080093,-0.1380691942142483,0.2227424749163879,True,True
2.8086956521739133,4.662207357859532,10.974218154080852,-0.141133326811686,0.2207357859531772,True,True
2.8086956521739133,4.654180602006689,11.0605644546148,-0.1448197503206555,0.2207357859531772,True,True
2.8086956521739133,4.62876254180602,11.325705568268498,-0.1359524536808808,0.2247491638795986,True,True
2.8086956521739133,4.65752508361204,10.93119755911518,-0.1451628169395856,0.2267558528428093,True,True
2.8086956521739133,4.706354515050168,10.032951945080091,-0.1632378941345848,0.2227424749163879,True,True
2.8086956521739133,4.683612040133778,10.615713196033562,-0.1544721652243786,0.2227424749163879,True,True
2.8086956521739133,4.618729096989967,11.38977879481312,-0.119385456359114,0.2247491638795986,True,True
2.8086956521739133,4.6809364548494985,10.440274599542334,-0.144029220807985,0.2187290969899665,True,True
2.8086956521739133,4.6314381270903,11.297635392829902,-0.1310375039704564,0.2247491638795987,True,True
2.8086956521739133,4.664882943143812,10.625476735316552,-0.1541054232437127,0.2247491638795987,True,True
2.8086956521739133,4.645484949832776,11.173150266971778,-0.1354964184521709,0.2187290969899665,True,True
2.8086956521739133,4.677591973244147,10.47993897787948,-0.1226724678597383,0.2247491638795987,True,True
2.8086956521739133,4.650167224080267,10.8,-0.1240411409391842,0.2247491638795986,True,True
2.8086956521739133,4.6635451505016725,10.855225019069414,-0.150282102632314,0.2187290969899666,True,True
2.8086956521739133,4.677591973244147,10.446681922196795,-0.1412229587307076,0.2227424749163879,True,True
2.8086956521739133,4.661538461538462,11.019374523264684,-0.1464992759963185,0.2227424749163879,True,True
2.8086956521739133,4.658193979933111,11.04744469870328,-0.1491924896369211,0.2187290969899665,True,True
2.8086956521739133,4.630769230769231,11.49260106788711,-0.1493932635046222,0.2207357859531772,True,True
2.8086956521739133,4.672240802675586,10.70602593440122,-0.1442625779374234,0.2207357859531772,True,True
2.8086956521739133,4.68561872909699,10.837528604118994,-0.1464381656912183,0.2187290969899666,True,True
2.8086956521739133,4.648829431438127,11.366590389016018,-0.1427088679235866,0.2187290969899665,True,True
2.8086956521739133,4.689632107023411,10.298398169336384,-0.1478878250553093,0.2167224080267558,True,True
2.8086956521739133,4.660200668896321,10.762471395881008,-0.1523496857754774,0.2207357859531772,True,True
2.8086956521739133,4.648160535117057,11.247902364607173,-0.1555677053148673,0.2147157190635451,True,True
2.8086956521739133,4.703010033444816,10.083905415713197,-0.159634715541075,0.2207357859531772,True,True
2.8086956521739133,4.647491638795986,11.065446224256291,-0.127747017904112,0.2247491638795987,True,True
2.8086956521739133,4.688963210702342,10.263005339435546,-0.1332638635409923,0.2267558528428093,True,True
2.8086956521739133,4.650167224080267,11.19359267734554,-0.1452143995698128,0.2187290969899666,True,True
2.8086956521739133,4.690301003344483,10.15438596491228,-0.1257510311206578,0.2247491638795987,True,True
2.8086956521739133,4.658193979933111,10.64469870327994,-0.1351644283327959,0.2247491638795986,True,True
2.8086956521739133,4.65752508361204,11.34096109839817,-0.1567738795511771,0.2187290969899666,True,True
2.8086956521739133,4.670903010033445,10.777116704805492,-0.1599635787579683,0.2167224080267558,True,True
2.8086956521739133,4.654180602006689,11.342486651411136,-0.1527051520209758,0.2227424749163879,True,True
2.8086956521739133,4.671571906354515,10.583066361556064,-0.1487269511955194,0.2227424749163879,True,True
2.8086956521739133,4.640133779264215,11.073073989321127,-0.1382922192889779,0.2227424749163879,True,True
3.6,5.0,6.4,0.3428571428571428,0.2307692307692307,False,False
3.6,4.892307692307692,5.6,0.3999999999999999,0.2307692307692307,False,False
3.625,4.932692307692308,5.107142857142857,0.3928571428571428,0.2307692307692307,False,False
4.0,5.0,,0.5714285714285714,0.2307692307692307,False,False
3.75,5.0,5.333333333333333,0.3214285714285714,0.173076923076923,False,False
3.5,4.75,9.166666666666666,0.4642857142857143,0.2307692307692307,False,False
3.857142857142857,4.9230769230769225,7.809523809523809,0.4081632653061224,0.2307692307692308,False,False
3.8,4.892307692307692,9.8,0.3999999999999999,0.2307692307692307,False,False
3.5,4.743589743589744,8.8,0.4047619047619047,0.2307692307692308,False,False
3.6666666666666665,5.0,9.333333333333334,0.3809523809523809,0.2307692307692307,False,False
4.0,4.865384615384615,11.5,0.3214285714285714,0.173076923076923,False,False
3.6,4.892307692307692,6.6,0.3714285714285714,0.2307692307692307,False,False
3.8,5.0,6.2,0.4285714285714285,0.2307692307692307,False,False
3.6666666666666665,4.730769230769231,8.866666666666667,0.4761904761904762,0.2307692307692308,False,False
3.625,4.798076923076923,8.178571428571429,0.4107142857142857,0.2307692307692307,False,False
4.0,5.0,,0.2857142857142857,0.2307692307692307,False,False
3.5,4.91025641025641,8.333333333333334,0.3333333333333333,0.2307692307692308,False,False
3.5,4.730769230769231,9.0,0.4523809523809524,0.2307692307692308,False,False
3.5,5.0,4.0,0.4285714285714285,0.2307692307692307,False,False
3.8333333333333335,4.833333333333333,8.2,0.380952380952381,0.1923076923076923,False,False
3.4285714285714284,4.626373626373627,11.428571428571429,0.4693877551020408,0.2307692307692308,False,False
3.5,4.932692307692308,5.035714285714286,0.375,0.2307692307692307,False,False
3.4285714285714284,4.9230769230769225,5.238095238095238,0.3469387755102041,0.2307692307692308,False,False
3.857142857142857,4.9230769230769225,5.047619047619048,0.4489795918367347,0.2307692307692308,False,False
3.5,4.740384615384615,9.821428571428571,0.4642857142857143,0.2307692307692307,False,False
4.0,5.0,,0.0,0.0,False,False
3.5,5.0,2.0,0.3571428571428571,0.2307692307692307,False,False
3.5,4.82051282051282,8.0,0.4523809523809524,0.2307692307692308,False,False
3.5,4.91025641025641,5.666666666666667,0.4523809523809524,0.2307692307692308,False,False
4.0,4.641025641025641,10.0,0.5714285714285714,0.1538461538461538,False,False
3.857142857142857,4.857142857142857,7.428571428571429,0.4081632653061224,0.1978021978021978,False,False
4.0,4.730769230769231,11.0,0.5714285714285714,0.2307692307692307,False,False
3.5,4.792307692307692,10.422222222222222,0.3714285714285714,0.2307692307692307,False,False
3.5,5.0,4.0,0.4285714285714285,0.2307692307692307,False,False
3.6,5.0,6.2,0.3714285714285714,0.2307692307692307,False,False
3.5,4.865384615384615,7.5,0.4285714285714285,0.2307692307692307,False,False
3.571428571428572,4.769230769230768,8.380952380952381,0.4285714285714285,0.2307692307692308,False,False
3.0,4.865384615384615,6.833333333333333,0.4285714285714285,0.2307692307692307,False,False
3.5,5.0,12.0,0.4285714285714285,0.2307692307692307,False,False
4.0,4.82051282051282,10.666666666666666,0.3809523809523809,0.1538461538461538,False,False
3.8,4.8,7.2,0.4285714285714285,0.2307692307692307,False,False
3.375,4.740384615384615,9.964285714285714,0.3928571428571428,0.2307692307692307,False,False
3.75,5.0,7.333333333333333,0.3571428571428571,0.2307692307692307,False,False
3.5,5.0,12.0,0.4285714285714285,0.2307692307692307,False,False
3.5,4.865384615384615,6.5,0.3928571428571428,0.2307692307692307,False,False
3.7142857142857135,4.703296703296703,10.571428571428571,0.4285714285714285,0.2307692307692308,False,False
3.75,5.0,2.0,0.5,0.2307692307692307,False,False
3.6666666666666665,5.0,7.466666666666667,0.3809523809523809,0.2307692307692308,False,False
3.6,4.892307692307692,10.0,0.3999999999999999,0.2307692307692307,False,False
3.6,5.0,2.8,0.3999999999999999,0.2307692307692307,False,False
3.1666666666666665,4.487179487179487,15.466666666666669,0.4761904761904761,0.2307692307692308,False,False
3.333333333333333,4.82051282051282,9.333333333333334,0.4285714285714285,0.2307692307692307,False,False
3.75,5.0,3.0,0.4285714285714285,0.2307692307692307,False,False
3.6666666666666665,5.0,5.733333333333333,0.4285714285714285,0.2307692307692308,False,False
3.6,5.0,1.2,0.3428571428571428,0.2307692307692307,False,False
3.6666666666666665,5.0,2.6666666666666665,0.4285714285714285,0.2307692307692307,False,False
3.5,4.82051282051282,8.0,0.4047619047619047,0.2307692307692308,False,False
3.6666666666666665,5.0,4.666666666666667,0.3809523809523809,0.2307692307692307,False,False
3.5,4.865384615384615,6.5,0.3928571428571428,0.2307692307692307,False,False
3.6666666666666665,4.91025641025641,8.733333333333333,0.4047619047619047,0.2307692307692308,False,False
3.75,4.730769230769231,11.0,0.4642857142857143,0.173076923076923,False,False
3.75,5.0,2.333333333333333,0.3928571428571428,0.2307692307692307,False,False
3.142857142857143,4.78021978021978,8.857142857142858,0.4081632653061224,0.2307692307692308,False,False
3.4285714285714284,4.769230769230769,10.761904761904765,0.4285714285714285,0.2307692307692308,False,False
3.75,5.0,7.333333333333333,0.3928571428571428,0.2307692307692307,False,False
3.6,4.784615384615384,9.0,0.4285714285714285,0.2307692307692307,False,False
3.6666666666666665,5.0,8.0,0.3809523809523809,0.2307692307692307,False,False
3.4285714285714284,4.703296703296703,10.761904761904765,0.4693877551020408,0.2307692307692308,False,False
3.333333333333333,5.0,2.8,0.3333333333333333,0.2307692307692308,False,False
3.2857142857142856,4.703296703296703,10.666666666666666,0.4081632653061224,0.2307692307692308,False,False
3.333333333333333,4.91025641025641,10.333333333333334,0.3809523809523809,0.2307692307692308,False,False
3.5,4.743589743589744,9.333333333333334,0.380952380952381,0.2307692307692308,False,False
4.0,5.0,,0.5714285714285714,0.2307692307692307,False,False
3.75,5.0,1.0,0.3214285714285714,0.2307692307692307,False,False
3.8,5.0,2.4,0.4571428571428572,0.2307692307692307,False,False
3.1666666666666665,4.653846153846154,11.666666666666666,0.4285714285714285,0.2307692307692308,False,False
3.8,4.7846153846153845,11.8,0.4285714285714285,0.2307692307692307,False,False
3.571428571428572,4.9230769230769225,5.428571428571429,0.3673469387755101,0.2307692307692308,False,False
3.75,4.865384615384615,11.833333333333334,0.3928571428571428,0.2307692307692307,False,False
4.0,4.865384615384615,7.166666666666667,0.5,0.2307692307692307,False,False
3.4,4.584615384615384,12.6,0.5142857142857143,0.2307692307692307,False,False
3.75,4.932692307692308,7.035714285714286,0.4285714285714285,0.2307692307692307,False,False
3.6666666666666665,4.743589743589744,9.333333333333334,0.380952380952381,0.2307692307692308,False,False
3.6,4.784615384615384,9.0,0.4285714285714285,0.2307692307692307,False,False
3.4,4.8,7.6,0.4571428571428571,0.2307692307692307,False,False
3.333333333333333,4.82051282051282,10.533333333333331,0.4047619047619047,0.2307692307692308,False,False
3.6,5.0,6.0,0.3428571428571428,0.2307692307692307,False,False
3.6,4.784615384615384,8.8,0.4571428571428572,0.2307692307692307,False,False
3.5,4.865384615384615,7.5,0.4642857142857143,0.2307692307692307,False,False
3.5,4.730769230769231,8.866666666666667,0.4761904761904762,0.2307692307692308,False,False
3.5,4.91025641025641,5.666666666666667,0.3571428571428571,0.2307692307692308,False,False
3.25,4.865384615384615,7.166666666666667,0.3928571428571428,0.2307692307692307,False,False
3.5,4.730769230769231,10.0,0.4642857142857143,0.2307692307692307,False,False
3.75,5.0,2.333333333333333,0.4642857142857143,0.2307692307692307,False,False
4.0,5.0,0.0,0.5714285714285714,0.2307692307692307,False,False
3.6666666666666665,4.653846153846153,11.933333333333334,0.4523809523809524,0.2307692307692308,False,False
3.75,4.865384615384615,7.166666666666667,0.5,0.2307692307692307,False,False
3.6666666666666665,5.0,9.333333333333334,0.3809523809523809,0.2307692307692307,False,False
3.5,4.91025641025641,5.933333333333334,0.3571428571428571,0.2307692307692308,False,False
3.571428571428572,4.78021978021978,11.047619047619047,0.3469387755102041,0.2307692307692308,False,False
3.5,5.0,7.333333333333333,0.3571428571428571,0.2307692307692307,False,False
4.0,5.0,6.0,0.2142857142857142,0.1153846153846153,False,False
3.6666666666666665,4.82051282051282,9.333333333333334,0.4761904761904761,0.2307692307692307,False,False
3.625,5.0,4.857142857142857,0.4107142857142857,0.2307692307692307,False,False
3.6,5.0,8.0,0.3999999999999999,0.2307692307692307,False,False
3.5,4.82051282051282,7.733333333333333,0.4285714285714285,0.2307692307692308,False,False
3.6,4.8,8.0,0.4285714285714285,0.2307692307692307,False,False
3.5,5.0,4.0,0.4285714285714285,0.2307692307692307,False,False
3.333333333333333,5.0,9.333333333333334,0.3809523809523809,0.2307692307692307,False,False
3.6,5.0,6.4,0.3999999999999999,0.2307692307692307,False,False
4.0,5.0,4.0,0.4285714285714285,0.2307692307692307,False,False
3.857142857142857,4.9230769230769225,5.142857142857143,0.4081632653061224,0.2307692307692308,False,False
3.5,5.0,2.6666666666666665,0.4285714285714285,0.2307692307692307,False,False
4.0,5.0,4.0,0.4285714285714285,0.2307692307692307,False,False
3.5,4.653846153846153,11.533333333333331,0.4999999999999999,0.2307692307692308,False,False
3.333333333333333,4.91025641025641,5.666666666666667,0.3571428571428571,0.2307692307692308,False,False
3.75,5.0,3.6666666666666665,0.2857142857142857,0.173076923076923,False,False
3.4285714285714284,4.703296703296703,10.761904761904765,0.4081632653061224,0.2307692307692308,False,False
3.5,4.730769230769231,13.0,0.5,0.2307692307692307,False,False
3.5,4.807692307692308,10.571428571428571,0.3928571428571428,0.2307692307692307,False,False
4.0,4.82051282051282,9.333333333333334,0.4761904761904761,0.2307692307692307,False,False
3.2,4.692307692307692,11.8,0.4285714285714285,0.2307692307692307,False,False
3.571428571428572,4.769230769230768,8.476190476190476,0.4285714285714285,0.2307692307692308,False,False
4.0,4.730769230769231,13.0,0.5,0.2307692307692307,False,False
3.4285714285714284,4.846153846153846,9.428571428571429,0.3673469387755101,0.2307692307692308,False,False
3.625,4.798076923076923,7.964285714285714,0.4107142857142857,0.2307692307692307,False,False
3.7142857142857135,4.769230769230769,10.761904761904765,0.4285714285714285,0.2307692307692308,False,False
3.625,4.932692307692308,7.321428571428571,0.3392857142857143,0.2307692307692307,False,False
4.0,5.0,5.333333333333333,0.3333333333333333,0.1538461538461538,False,False
3.333333333333333,4.653846153846153,12.066666666666666,0.4523809523809524,0.2307692307692308,False,False
3.6666666666666665,5.0,2.6666666666666665,0.4761904761904761,0.2307692307692307,False,False
4.0,5.0,2.0,0.5,0.2307692307692307,False,False
3.8,4.892307692307692,10.0,0.3714285714285714,0.2307692307692307,False,False
4.0,4.730769230769231,9.666666666666666,0.5,0.173076923076923,False,False
3.8,4.892307692307692,6.4,0.4571428571428572,0.2307692307692307,False,False
3.555555555555556,4.829059829059829,9.666666666666666,0.3809523809523809,0.2307692307692307,False,False
3.5,4.730769230769231,13.0,0.5,0.2307692307692307,False,False
3.5,5.0,12.0,0.4285714285714285,0.2307692307692307,False,False
3.8333333333333335,4.833333333333333,7.666666666666667,0.380952380952381,0.1923076923076923,False,False
3.6,4.892307692307692,5.8,0.3714285714285714,0.2307692307692307,False,False
3.8,4.784615384615384,8.4,0.4571428571428572,0.2307692307692307,False,False
4.0,5.0,2.0,0.5,0.2307692307692307,False,False
3.8333333333333335,4.833333333333333,6.866666666666666,0.4047619047619047,0.2307692307692308,False,False
3.4,4.584615384615384,13.2,0.4857142857142857,0.2307692307692307,False,False
3.571428571428572,4.9230769230769225,5.238095238095238,0.3469387755102041,0.2307692307692308,False,False
3.8,4.676923076923077,9.2,0.5142857142857142,0.2307692307692307,False,False
3.1666666666666665,4.82051282051282,7.466666666666667,0.4285714285714285,0.2307692307692308,False,False
3.75,4.865384615384615,7.5,0.4285714285714285,0.2307692307692307,False,False
4.0,4.82051282051282,9.333333333333334,0.4761904761904761,0.2307692307692307,False,False
3.875,4.75,10.071428571428571,0.3928571428571428,0.173076923076923,False,False
3.333333333333333,4.564102564102565,12.4,0.5238095238095238,0.2307692307692308,False,False
3.6,4.892307692307692,9.8,0.3428571428571428,0.2307692307692307,False,False
3.25,4.615384615384615,13.428571428571429,0.4107142857142857,0.2307692307692307,False,False
3.6666666666666665,4.91025641025641,8.733333333333333,0.4047619047619047,0.2307692307692308,False,False
3.6,4.676923076923077,9.4,0.5142857142857143,0.2307692307692307,False,False
3.4,4.6,10.8,0.4857142857142857,0.2307692307692307,False,False
3.4285714285714284,4.9230769230769225,9.428571428571429,0.3877551020408163,0.2307692307692308,False,False
3.2,4.584615384615384,14.4,0.4571428571428572,0.2307692307692307,False,False
3.875,4.807692307692308,8.928571428571429,0.3928571428571428,0.2019230769230769,False,False
3.4285714285714284,4.703296703296703,10.952380952380953,0.4285714285714285,0.2307692307692308,False,False
3.8,4.784615384615384,8.0,0.5142857142857142,0.2307692307692307,False,False
3.625,4.807692307692308,10.071428571428571,0.3392857142857143,0.2307692307692307,False,False
3.5,4.807692307692308,9.785714285714286,0.3392857142857143,0.2307692307692307,False,False
3.8333333333333335,4.91025641025641,5.533333333333333,0.4523809523809524,0.2307692307692308,False,False
3.6666666666666665,4.91025641025641,8.733333333333333,0.4047619047619047,0.2307692307692308,False,False
3.333333333333333,4.653846153846153,12.066666666666666,0.4523809523809524,0.2307692307692308,False,False
3.8333333333333335,4.730769230769231,11.533333333333331,0.4523809523809524,0.2307692307692308,False,False
3.6666666666666665,5.0,2.6666666666666665,0.4761904761904761,0.2307692307692307,False,False
3.5,5.0,6.0,0.2142857142857142,0.1153846153846153,False,False
3.571428571428572,4.846153846153846,7.619047619047619,0.4285714285714285,0.2307692307692308,False,False
3.571428571428572,5.0,5.142857142857143,0.4285714285714285,0.2307692307692308,False,False
3.5,4.865384615384615,7.0,0.375,0.2307692307692307,False,False
4.0,4.730769230769231,11.0,0.5714285714285714,0.2307692307692307,False,False
3.5,5.0,2.333333333333333,0.3928571428571428,0.2307692307692307,False,False
3.75,5.0,7.333333333333333,0.4285714285714285,0.2307692307692307,False,False
3.571428571428572,4.703296703296703,10.952380952380953,0.4081632653061224,0.2307692307692308,False,False
3.5,5.0,7.333333333333333,0.3571428571428571,0.2307692307692307,False,False
3.4,4.892307692307692,6.4,0.4285714285714285,0.2307692307692307,False,False
4.0,5.0,2.6666666666666665,0.4285714285714285,0.2307692307692307,False,False
3.7142857142857135,4.9230769230769225,7.714285714285714,0.4285714285714285,0.2307692307692308,False,False
4.0,4.892307692307692,6.2,0.4571428571428571,0.2307692307692307,False,False
3.6666666666666665,5.0,2.6666666666666665,0.4761904761904761,0.2307692307692307,False,False
3.4444444444444446,4.88034188034188,6.444444444444445,0.365079365079365,0.2307692307692307,False,False
3.25,4.615384615384615,13.0,0.5,0.2307692307692307,False,False
3.6,4.784615384615384,7.8,0.4857142857142857,0.2307692307692307,False,False
3.75,4.865384615384615,6.833333333333333,0.4642857142857143,0.2307692307692307,False,False
4.0,5.0,4.0,0.4285714285714285,0.2307692307692307,False,False
3.5,4.743589743589744,12.666666666666666,0.3571428571428571,0.2307692307692308,False,False
4.0,4.730769230769231,13.0,0.5,0.1153846153846153,False,False
3.333333333333333,4.658119658119658,12.333333333333334,0.4126984126984127,0.2307692307692307,False,False
3.6666666666666665,4.833333333333333,6.2,0.4285714285714285,0.2307692307692308,False,False
2.8086956521739133,4.610033444816054,11.83066361556064,0.4365195404826031,0.2207357859531772,False,False
2.8086956521739133,4.652173913043479,10.952860411899314,0.4229209036442587,0.2247491638795987,True,False
2.8086956521739133,4.640133779264215,11.09260106788711,0.4216127081844665,0.2227424749163879,True,False
2.8086956521739133,4.632107023411372,11.582608695652176,0.4303083603583796,0.222742474916388,True,False
2.8086956521739133,4.621404682274248,11.755606407322654,0.4358907470104084,0.2267558528428093,True,False
2.8086956521739133,4.635451505016722,11.389168573607932,0.4265596658055295,0.2227424749163879,True,False
2.8086956521739133,4.644816053511706,11.07673531655225,0.4267191659272405,0.2267558528428093,True,False
2.8086956521739133,4.684949832775919,10.177269260106788,0.4182194616977225,0.2227424749163879,True,False
2.8086956521739133,4.672909698996654,10.811289092295958,0.404144451162535,0.2167224080267558,True,False
2.8086956521739133,4.640133779264215,11.409610983981691,0.4306979766002466,0.2227424749163879,True,False
2.8086956521739133,4.667558528428093,10.907704042715483,0.4021295474711624,0.2247491638795986,True,False
2.8086956521739133,4.631438127090301,11.455072463768117,0.4328368053647007,0.2187290969899665,True,False
2.8086956521739133,4.645484949832777,11.159725400457663,0.4286163779012749,0.2227424749163879,True,False
2.8086956521739133,4.635451505016722,11.307704042715484,0.4219788601939632,0.2187290969899666,True,False
2.8086956521739133,4.666220735785952,10.832341723874904,0.4085697120832092,0.2207357859531772,True,False
2.8086956521739133,4.649498327759198,11.016628527841345,0.4144709600087174,0.2207357859531772,True,False
2.8086956521739133,4.644816053511706,11.281464530892448,0.4162054982175936,0.2207357859531772,True,False
2.8086956521739133,4.667558528428093,10.639816933638444,0.420925920032864,0.2227424749163879,True,False
2.8086956521739133,4.646822742474916,10.79206712433257,0.4331371908030946,0.2247491638795987,True,False
2.8086956521739133,4.672240802675586,10.78321891685736,0.4066232302848034,0.2207357859531772,True,False
2.8086956521739133,4.645484949832777,11.43768115942029,0.419854177368888,0.2207357859531772,True,False
2.8086956521739133,4.632107023411371,11.498703279938978,0.4198535936113576,0.2247491638795986,True,False
2.8086956521739133,4.602006688963211,11.946605644546148,0.4385869565217391,0.2267558528428093,True,False
2.8086956521739133,4.640802675585284,11.144774980930586,0.4256946714612618,0.2247491638795986,True,False
2.8086956521739133,4.613377926421403,11.76933638443936,0.4215907217061507,0.2207357859531772,True,False
2.8086956521739133,4.644816053511706,11.1627765064836,0.4114989281591821,0.222742474916388,True,False
2.8086956521739133,4.666220735785953,10.81952707856598,0.4155731992681643,0.2247491638795986,True,False
2.8086956521739133,4.652173913043479,10.97391304347826,0.4203704721596218,0.2247491638795987,True,False
2.8086956521739133,4.694314381270902,10.264836003051109,0.3937321179053829,0.2207357859531772,True,False
2.8086956521739133,4.675585284280936,10.846376811594205,0.3968404252813092,0.2227424749163879,True,False
2.8086956521739133,4.683612040133779,10.585812356979403,0.4004067498488429,0.2207357859531772,True,False
2.8086956521739133,4.610702341137123,11.816933638443937,0.4290221513769032,0.2187290969899666,True,False
2.8086956521739133,4.676923076923076,10.341723874904654,0.4262168503212629,0.2227424749163879,True,False
2.8086956521739133,4.605351170568561,11.862090007627764,0.444897375426143,0.2227424749163879,True,False
2.8086956521739133,4.635451505016722,11.55636918382914,0.4212289263531499,0.222742474916388,True,False
2.8086956521739133,4.697658862876254,10.178794813119756,0.405353707469906,0.2227424749163879,True,False
2.8086956521739133,4.648829431438126,11.284515636918384,0.4124001774622892,0.2247491638795987,True,False
2.8086956521739133,4.632107023411371,11.63630816170862,0.4287156166814552,0.2187290969899666,True,False
2.8086956521739133,4.667558528428093,10.802745995423342,0.41099157054126,0.2187290969899665,True,False
2.8086956521739133,4.676254180602006,10.746300533943554,0.4029630705687431,0.2187290969899665,True,False
2.8086956521739133,4.7384615384615385,9.298245614035087,0.3845156369183829,0.2187290969899665,True,False
2.8086956521739133,4.65953177257525,11.03768115942029,0.4116807092209719,0.2247491638795986,True,False
2.8086956521739133,4.653511705685619,11.18840579710145,0.413055453039238,0.2187290969899665,True,False
2.8086956521739133,4.616053511705685,11.630511060259344,0.4340460616720717,0.2247491638795987,True,False
2.8086956521739133,4.641471571906354,11.151792524790237,0.422610875013621,0.2247491638795987,True,False
2.8086956521739133,4.653511705685619,11.275667429443171,0.4075509404701951,0.2267558528428093,True,False
2.8086956521739133,4.618729096989967,11.596338672768878,0.426926010678871,0.2187290969899665,True,False
2.8086956521739133,4.623411371237458,11.95026697177727,0.415659225432215,0.2227424749163879,True,False
2.8086956521739133,4.670234113712374,10.679786422578184,0.4128071236189742,0.2247491638795986,True,False
2.8086956521739133,4.65819397993311,10.704805491990848,0.4244088482074752,0.2247491638795986,True,False
2.8086956521739133,4.649498327759198,11.010526315789471,0.4115648875941296,0.2227424749163879,True,False
2.8086956521739133,4.635451505016722,11.31899313501144,0.4182739457338999,0.2187290969899665,True,False
2.8086956521739133,4.68628762541806,10.422273073989322,0.4121646941516932,0.2207357859531772,True,False
2.8086956521739133,4.666889632107023,10.868039664378337,0.4109662382196352,0.2207357859531772,True,False
2.8086956521739133,4.65685618729097,10.961098398169336,0.4206081028024907,0.2227424749163879,True,False
2.8086956521739133,4.630769230769231,11.307093821510298,0.4353212774143901,0.2247491638795987,True,False
2.8086956521739133,4.644147157190636,11.14050343249428,0.4145145472376593,0.2207357859531772,True,False
2.8086956521739133,4.632775919732441,11.646071700991609,0.4211084777160292,0.2187290969899666,True,False
2.8086956521739133,4.631438127090301,11.526773455377574,0.4218063658707038,0.2207357859531772,True,False
2.8086956521739133,4.667558528428093,10.719755911517924,0.4139614137305556,0.2247491638795986,True,False
2.8086956521739133,4.622073578595318,11.569488939740657,0.433717834960071,0.2247491638795986,True,False
2.8086956521739133,4.641471571906354,11.26742944317315,0.4285159716060337,0.2247491638795986,True,False
2.8086956521739133,4.622073578595317,11.60884820747521,0.4312666370896184,0.2227424749163879,True,False
2.8086956521739133,4.668227424749164,11.147520976353928,0.3948448372484004,0.2167224080267558,True,False
2.8086956521739133,4.675585284280936,10.625781845919146,0.4144818568159529,0.2207357859531772,True,False
2.8086956521739133,4.628093645484951,11.983829138062548,0.4087411852612899,0.2127090301003344,True,False
2.8086956521739133,4.640133779264215,10.95438596491228,0.4306745123678762,0.2247491638795986,True,False
2.8086956521739133,4.62742474916388,11.484973302822272,0.4290001648985874,0.2227424749163879,True,False
2.8086956521739133,4.636120401337793,11.417238749046527,0.4228109712526796,0.2227424749163879,True,False
2.8086956521739133,4.667558528428094,10.511060259344012,0.4250735534488395,0.2187290969899666,True,False
2.8086956521739133,4.676254180602007,10.737757437070938,0.415978962411801,0.2207357859531772,True,False
2.8086956521739133,4.6066889632107015,11.776659038901602,0.4290221513769032,0.2207357859531772,True,False
2.8086956521739133,4.6575250836120405,11.000152555301296,0.4132832080200501,0.2187290969899666,True,False
2.8086956521739133,4.6347826086956525,11.280854309687262,0.4210467492316786,0.2207357859531772,True,False
2.8086956521739133,4.671571906354515,10.857055682684972,0.4030623041829275,0.2207357859531772,True,False
2.8086956521739133,4.644816053511706,10.926315789473684,0.4369292797210417,0.2267558528428093,True,False
2.8086956521739133,4.646153846153847,11.447139588100686,0.4099688115706422,0.2207357859531772,True,False
2.8086956521739133,4.684949832775919,10.673684210526316,0.4079151321937008,0.2227424749163879,True,False
2.8086956521739133,4.624080267558528,11.394660564454616,0.4414225251470345,0.2227424749163879,True,False
2.8086956521739133,4.648160535117056,10.987337909992371,0.4182848425411354,0.2207357859531772,True,False
2.8086956521739133,4.646153846153845,11.082532418001524,0.4189523443082504,0.2227424749163879,True,False
2.8086956521739133,4.643478260869565,11.19023646071701,0.4191722090914087,0.2207357859531772,True,False
2.8086956521739133,4.62742474916388,11.36231884057971,0.4253174297806849,0.2247491638795987,True,False
2.8086956521739133,4.676254180602006,10.615102974828377,0.4052657615566427,0.2207357859531772,True,False
2.8086956521739133,4.663545150501672,10.94614797864226,0.405942810084079,0.2187290969899666,True,False
2.8086956521739133,4.637458193979933,11.412356979405034,0.4191561118483561,0.2247491638795987,True,False
2.8086956521739133,4.697658862876255,10.333180778032036,0.4041114714450612,0.2247491638795986,True,False
2.8086956521739133,4.636120401337793,11.609458428680396,0.4131659743543435,0.2207357859531772,True,False
2.8086956521739133,4.624080267558528,11.964302059496568,0.4141764689715824,0.2207357859531772,True,False
2.8086956521739133,4.648829431438126,10.888176964149505,0.4231993026043369,0.2227424749163879,True,False
2.8086956521739133,4.672240802675584,10.671853546910755,0.4034690419777801,0.2227424749163879,True,False
2.8086956521739133,4.674916387959866,10.72189168573608,0.4193551680002513,0.2207357859531772,True,False
2.8086956521739133,4.645484949832776,11.28604118993135,0.4148083718613304,0.2267558528428093,True,False
2.8086956521739133,4.715719063545151,10.172692601067888,0.3969467259778093,0.2187290969899665,True,False
2.8086956521739133,4.618060200668896,11.425476735316552,0.4406777814100469,0.2207357859531772,True,False
2.8086956521739133,4.662876254180603,10.537604881769642,0.4331153971886237,0.2247491638795987,True,False
2.8086956521739133,4.662876254180603,10.957742181540809,0.4167708734128511,0.2187290969899666,True,False
2.8086956521739133,4.676254180602006,10.86132723112128,0.3941845764854615,0.2207357859531772,True,False
2.8086956521739133,4.65819397993311,10.937909992372235,0.4101907326993898,0.2227424749163879,True,False
2.8086956521739133,4.68561872909699,10.572692601067889,0.4089244851258581,0.2227424749163879,True,False
2.8086956521739133,4.654180602006689,11.063615560640732,0.4100456026561208,0.2207357859531772,True,False
2.8086956521739133,4.639464882943144,11.585354691075516,0.4253209509420689,0.2167224080267558,True,False
2.8086956521739133,4.675585284280936,10.608695652173912,0.4115868740724454,0.2227424749163879,True,False
2.8086956521739133,4.639464882943144,11.35530129672006,0.4172871578715931,0.2207357859531772,True,False
2.8086956521739133,4.6635451505016725,11.06147978642258,0.3973625834773268,0.2167224080267558,True,False
2.8086956521739133,4.649498327759197,11.292448512585812,0.4220266878212242,0.2247491638795986,True,False
2.8086956521739133,4.662207357859532,11.023951182303586,0.4054196669048535,0.2207357859531772,True,False
2.8086956521739133,4.604013377926421,11.670480549199084,0.4478975430110482,0.2227424749163879,True,False
2.8086956521739133,4.697658862876255,10.249580472921432,0.3940196778980927,0.2207357859531772,True,False
2.8086956521739133,4.6695652173913045,10.65019069412662,0.4173093372137539,0.2227424749163879,True,False
2.8086956521739133,4.648829431438127,11.030358504958048,0.4209589961822602,0.2247491638795986,True,False
2.8086956521739133,4.6635451505016725,10.534553775743706,0.4219243761577857,0.2227424749163879,True,False
2.8086956521739133,4.662876254180603,11.03066361556064,0.4007720787430016,0.2207357859531772,True,False
2.8086956521739133,4.674916387959866,10.590083905415714,0.4098119481080539,0.2247491638795986,True,False
2.8086956521739133,4.637458193979934,11.131655225019069,0.4370971676980061,0.2247491638795986,True,False
2.8086956521739133,4.697658862876255,10.270938215102976,0.3852360798109163,0.2167224080267558,True,False
2.8086956521739133,4.662876254180602,10.997406559877955,0.4060301774058077,0.2147157190635451,True,False
2.8086956521739133,4.646153846153846,10.976964149504196,0.4308638082316217,0.2247491638795987,True,False
2.8086956521739133,4.612709030100334,11.926773455377576,0.4232250826456015,0.222742474916388,True,False
2.8086956521739133,4.662207357859531,10.882379862700228,0.403247248556173,0.2187290969899666,True,False
2.8086956521739133,4.671571906354515,10.663005339435545,0.4102786786126532,0.2227424749163879,True,False
2.8086956521739133,4.640802675585284,11.174370709382153,0.4144709600087174,0.2207357859531772,True,False
2.8086956521739133,4.658193979933111,10.869870327993898,0.4090144561094926,0.2227424749163879,True,False
2.8086956521739133,4.676254180602006,10.368573607932875,0.4082161926555519,0.2227424749163879,True,False
2.8086956521739133,4.644816053511706,11.12738367658276,0.4240532072775243,0.2227424749163879,True,False
2.8086956521739133,4.623411371237458,11.847749809305874,0.4203045127246743,0.2227424749163879,True,False
2.8086956521739133,4.587290969899665,12.23676582761251,0.4443318073670407,0.2267558528428093,True,False
2.8086956521739133,4.702341137123746,10.265446224256292,0.4042160053709825,0.2207357859531772,True,False
2.8086956521739133,4.666220735785953,11.23996948893974,0.4058540484088772,0.2207357859531772,True,False
2.8086956521739133,4.624749163879598,11.44836003051106,0.4317546583850932,0.2227424749163879,True,False
2.8086956521739133,4.684949832775921,10.394508009153318,0.4090584290661244,0.2207357859531772,True,False
2.8086956521739133,4.670903010033445,10.679176201372998,0.4165118452151927,0.2247491638795986,True,False
2.8086956521739133,4.612709030100334,11.83340961098398,0.4128950695322376,0.2207357859531772,True,False
2.8086956521739133,4.632775919732441,11.043478260869565,0.4281355562820093,0.2247491638795986,True,False
2.8086956521739133,4.65484949832776,11.0883295194508,0.40981705038995,0.2207357859531772,True,False
2.8086956521739133,4.667558528428094,10.581540808543098,0.4267191659272405,0.2247491638795987,True,False
2.8086956521739133,4.640133779264215,11.455682684973302,0.410016111707841,0.2227424749163879,True,False
2.8086956521739133,4.65819397993311,10.8418001525553,0.4207475209763539,0.2227424749163879,True,False
2.8086956521739133,4.6,12.089397406559875,0.4300576752440107,0.2227424749163879,True,False
2.8086956521739133,4.643478260869565,11.16369183829138,0.4291980432034298,0.2187290969899666,True,False
2.8086956521739133,4.643478260869565,11.073379099923722,0.438986246672582,0.2247491638795986,True,False
2.8086956521739133,4.609364548494983,12.16659038901602,0.4225793784023598,0.2227424749163879,True,False
2.8086956521739133,4.622742474916389,11.592982456140351,0.4227450118177321,0.222742474916388,True,False
2.8086956521739133,4.663545150501672,10.785354691075517,0.4116141608624982,0.2247491638795986,True,False
2.8086956521739133,4.672240802675585,10.503127383676585,0.4227010388611004,0.2247491638795986,True,False
2.8086956521739133,4.676923076923076,10.518688024408847,0.4082161926555519,0.2227424749163879,True,False
2.8086956521739133,4.63010033444816,11.554538520213578,0.4279338207002693,0.2187290969899666,True,False
2.8086956521739133,4.628093645484951,11.711670480549198,0.4195167293543042,0.2207357859531772,True,False
2.8086956521739133,4.619397993311036,11.414797864225784,0.4431186662307943,0.2247491638795986,True,False
2.8086956521739133,4.642809364548494,11.175286041189931,0.4377837629857637,0.2207357859531772,True,False
2.8086956521739133,4.644816053511706,11.045308924485123,0.4228329577309954,0.2247491638795986,True,False
2.8086956521739133,4.652842809364548,11.076430205949658,0.4274733806566105,0.2247491638795987,True,False
2.8086956521739133,4.667558528428093,10.797559115179252,0.4078381795195954,0.2147157190635451,True,False
2.8086956521739133,4.653511705685619,11.211289092295956,0.4118788819875776,0.2207357859531772,True,False
2.8086956521739133,4.644816053511706,11.236613272311212,0.4235137533274179,0.2247491638795986,True,False
2.8086956521739133,4.65819397993311,11.318688024408848,0.3957938324071047,0.2207357859531772,True,False
2.8086956521739133,4.6575250836120405,10.714263920671243,0.4157458864552685,0.2227424749163879,True,False
2.8086956521739133,4.636789297658863,11.21678108314264,0.4252734568240532,0.2227424749163879,True,False
2.8086956521739133,4.622073578595318,11.56186117467582,0.4065519705381191,0.2227424749163879,True,False
2.8086956521739133,4.62742474916388,11.678413424866514,0.4386867790594498,0.2187290969899666,True,False
2.8086956521739133,4.680267558528429,10.492753623188406,0.397724399494311,0.2207357859531772,True,False
2.8086956521739133,4.6,12.077803203661327,0.4290881108118508,0.2207357859531772,True,False
2.8086956521739133,4.60133779264214,11.600610221205187,0.4419091206276561,0.2247491638795987,True,False
2.8086956521739133,4.65484949832776,10.79298245614035,0.4252954433023691,0.2227424749163879,True,False
2.8086956521739133,4.654180602006689,11.19023646071701,0.4172692990239574,0.2227424749163879,True,False
2.8086956521739133,4.609364548494983,11.723874904652936,0.4323757763975155,0.2267558528428093,True,False
2.8086956521739133,4.645484949832776,10.908924485125858,0.4448308270676691,0.2267558528428093,True,False
2.8086956521739133,4.703010033444816,10.100686498855834,0.3939537184631451,0.2227424749163879,True,False
2.8086956521739133,4.640802675585284,11.214035087719298,0.4152476227120321,0.2247491638795986,True,False
2.8086956521739133,4.628093645484951,11.358352402745997,0.4315066234265927,0.2247491638795986,True,False
2.8086956521739133,4.6749163879598665,10.717009916094584,0.3991205408673665,0.2167224080267558,True,False
2.8086956521739133,4.68561872909699,10.53302822273074,0.4117240932540773,0.2207357859531772,True,False
2.8086956521739133,4.635451505016722,11.395575896262397,0.4178860001099324,0.2207357859531772,True,False
2.8086956521739133,4.637458193979933,11.233867276887873,0.4202605397680427,0.2207357859531772,True,False
2.8086956521739133,4.652173913043479,10.928146453089244,0.4170535033235262,0.2207357859531772,True,False
2.8086956521739133,4.666220735785952,10.911060259344012,0.4101553421838552,0.2247491638795986,True,False
2.8086956521739133,4.661538461538462,10.821967963386728,0.4153795415819271,0.2207357859531772,True,False
2.8086956521739133,4.668227424749164,10.660564454614798,0.4141263123179244,0.222742474916388,True,False
2.8086956521739133,4.665551839464883,10.898550724637682,0.4156611451814277,0.2207357859531772,True,False
2.8086956521739133,4.614715719063544,11.548436308161708,0.4296326618778573,0.2267558528428093,True,False
2.8086956521739133,4.656187290969899,10.792677345537758,0.4208716288605315,0.2227424749163879,True,False
2.8086956521739133,4.662876254180603,11.030358504958048,0.4086746369028161,0.2207357859531772,True,False
2.8086956521739133,4.632775919732441,11.102974828375286,0.4313174239947695,0.2247491638795986,True,False
2.8086956521739133,4.662876254180603,10.868649885583524,0.411498928159182,0.2187290969899666,True,False
2.8086956521739133,4.604682274247492,11.765675057208238,0.4462394339886985,0.2247491638795987,True,False
2.8086956521739133,4.631438127090301,11.35865751334859,0.4227450118177321,0.2267558528428093,True,False
2.8086956521739133,4.648160535117057,11.260717009916094,0.4259709385870546,0.2227424749163879,True,False
2.8086956521739133,4.668227424749164,10.927841342486651,0.4177980541966691,0.2187290969899665,True,False
2.8086956521739133,4.637458193979931,11.33211289092296,0.4205088691883064,0.2207357859531772,True,False
2.8086956521739133,4.636120401337793,11.423646071700992,0.4171556247293879,0.2227424749163879,True,False
2.8086956521739133,4.702341137123746,9.894126620900076,0.4195161817587447,0.2247491638795986,True,False
