mean_rota_choice_quantity,mean_weekly_working_days,mean_difference_in_rotas,local_fitness,working_saturday_proportion,coverage,control,Faulty
2.8,5.0,3.4,0.12,0.1846153846153846,0.7472527472527473,False,True
3.5,4.230769230769231,18.0,0.0714285714285714,0.2307692307692307,0.7032967032967034,False,True
3.0,4.7846153846153845,8.4,0.1542857142857143,0.2307692307692307,0.7472527472527473,False,True
4.0,4.230769230769231,20.0,0.1071428571428571,0.2307692307692307,0.7142857142857143,False,True
2.5,4.0,20.0,0.0,0.2307692307692307,0.6813186813186813,False,True
4.0,4.5,17.0,0.1428571428571428,0.2307692307692307,0.7362637362637363,False,True
2.75,4.5,12.0,0.1071428571428571,0.2307692307692307,0.7252747252747253,False,True
3.0,5.0,0.0,0.0,0.2307692307692307,0.7142857142857143,False,True
2.5,4.230769230769231,18.0,0.1071428571428571,0.2307692307692307,0.7032967032967034,False,True
3.142857142857143,4.846153846153846,7.714285714285714,0.0991253644314868,0.1978021978021978,0.7472527472527473,False,True
3.0,4.692307692307692,12.8,0.08,0.1846153846153846,0.7472527472527473,False,True
3.0,4.730769230769231,8.666666666666666,0.2410714285714285,0.2307692307692307,0.7472527472527473,False,True
3.0,4.666666666666667,10.0,0.0634920634920634,0.2307692307692307,0.7252747252747253,False,True
2.5,4.653846153846154,11.533333333333331,0.1349206349206349,0.2307692307692308,0.7472527472527473,False,True
3.5,4.461538461538462,4.0,0.0357142857142857,0.2307692307692307,0.6593406593406593,False,True
3.0,4.692307692307692,11.8,0.1085714285714285,0.2307692307692307,0.7472527472527473,False,True
2.5,5.0,12.0,0.1428571428571428,0.2307692307692307,0.7802197802197802,False,True
3.0,4.5,17.0,0.1428571428571428,0.2307692307692307,0.7362637362637363,False,True
2.7142857142857144,4.78021978021978,8.952380952380953,0.1253644314868804,0.2307692307692308,0.7472527472527473,False,True
2.75,4.615384615384615,13.333333333333334,0.1696428571428571,0.2307692307692307,0.7472527472527473,False,True
2.0,5.0,4.0,0.0357142857142857,0.2307692307692307,0.7362637362637363,False,True
2.875,4.75,10.928571428571429,0.1629464285714285,0.2307692307692307,0.7802197802197802,False,True
4.0,5.0,2.0,0.0357142857142857,0.2307692307692307,0.7252747252747253,False,True
2.8,4.892307692307692,5.6,0.1257142857142857,0.2307692307692307,0.7472527472527473,False,True
2.857142857142857,4.637362637362637,11.428571428571429,0.19533527696793,0.2307692307692308,0.7472527472527473,False,True
3.4,4.8,11.4,0.1314285714285714,0.2307692307692307,0.7802197802197802,False,True
2.7142857142857144,4.714285714285714,11.80952380952381,0.1865889212827988,0.2307692307692308,0.7802197802197802,False,True
3.0,4.743589743589744,10.666666666666666,0.123015873015873,0.1923076923076923,0.7472527472527473,False,True
3.5,5.0,2.0,0.0357142857142857,0.2307692307692307,0.7252747252747253,False,True
2.7142857142857144,4.703296703296703,10.476190476190476,0.119533527696793,0.2307692307692308,0.7472527472527473,False,True
3.0,5.0,2.0,0.0357142857142857,0.2307692307692307,0.7252747252747253,False,True
3.0,5.0,2.6666666666666665,0.0317460317460317,0.2307692307692307,0.7362637362637363,False,True
3.6666666666666665,4.666666666666667,10.666666666666666,0.0634920634920634,0.2307692307692307,0.7252747252747253,False,True
3.0,4.666666666666667,10.0,0.0952380952380952,0.2307692307692307,0.7252747252747253,False,True
4.0,5.0,,0.0,0.2307692307692307,0.7142857142857143,False,True
3.5,5.0,2.0,0.0357142857142857,0.2307692307692307,0.7252747252747253,False,True
2.833333333333333,4.91025641025641,7.0,0.0634920634920635,0.1923076923076923,0.7472527472527473,False,True
3.5,5.0,2.0,0.0357142857142857,0.2307692307692307,0.7252747252747253,False,True
3.5,5.0,4.0,0.0714285714285714,0.2307692307692307,0.7362637362637363,False,True
3.1666666666666665,4.666666666666667,10.133333333333333,0.246031746031746,0.2307692307692308,0.7472527472527473,False,True
4.0,4.5,13.0,0.1428571428571428,0.2307692307692307,0.7142857142857143,False,True
2.833333333333333,4.666666666666667,13.066666666666666,0.2103174603174603,0.2307692307692308,0.7802197802197802,False,True
2.6,4.584615384615384,13.2,0.1542857142857143,0.2307692307692307,0.7472527472527473,False,True
3.25,4.75,10.833333333333334,0.1428571428571428,0.173076923076923,0.7472527472527473,False,True
4.0,4.730769230769231,11.0,0.1071428571428571,0.2307692307692307,0.7362637362637363,False,True
2.6666666666666665,4.641025641025641,10.0,0.2698412698412698,0.2307692307692307,0.7472527472527473,False,True
3.0,4.461538461538462,4.0,0.0357142857142857,0.2307692307692307,0.6593406593406593,False,True
2.833333333333333,4.833333333333333,9.8,0.1468253968253968,0.2307692307692308,0.7802197802197802,False,True
2.875,4.75,8.571428571428571,0.1919642857142857,0.2307692307692307,0.7472527472527473,False,True
3.6666666666666665,4.487179487179487,16.0,0.2222222222222222,0.2307692307692307,0.7472527472527473,False,True
3.0,4.730769230769231,9.666666666666666,0.1517857142857142,0.2307692307692307,0.7472527472527473,False,True
3.0,5.0,1.3333333333333333,0.0634920634920634,0.2307692307692307,0.7252747252747253,False,True
4.0,5.0,,0.0,0.2307692307692307,0.7142857142857143,False,True
3.0,4.91025641025641,6.866666666666666,0.0595238095238095,0.1538461538461538,0.7472527472527473,False,True
2.857142857142857,4.857142857142857,8.952380952380953,0.1282798833819242,0.2307692307692308,0.7802197802197802,False,True
3.333333333333333,5.0,4.0,0.1269841269841269,0.1538461538461538,0.7472527472527473,False,True
2.333333333333333,4.769230769230769,9.61111111111111,0.0881834215167548,0.2051282051282051,0.7472527472527473,False,True
2.833333333333333,4.743589743589744,10.133333333333333,0.123015873015873,0.2307692307692308,0.7472527472527473,False,True
4.0,5.0,,0.0,0.2307692307692307,0.7142857142857143,False,True
1.8333333333333333,5.0,4.0,0.119047619047619,0.1923076923076923,0.7472527472527473,False,True
3.25,4.75,8.166666666666666,0.0357142857142857,0.2307692307692307,0.7252747252747253,False,True
2.75,4.615384615384615,14.0,0.125,0.2307692307692307,0.7472527472527473,False,True
2.75,4.615384615384615,14.0,0.125,0.2307692307692307,0.7472527472527473,False,True
3.1666666666666665,4.833333333333333,7.8,0.1468253968253968,0.1923076923076923,0.7472527472527473,False,True
4.0,5.0,,0.0,0.2307692307692307,0.7142857142857143,False,True
3.0,4.0,24.0,0.1071428571428571,0.2307692307692307,0.7032967032967034,False,True
3.5,5.0,12.0,0.1428571428571428,0.2307692307692307,0.7802197802197802,False,True
3.0,4.153846153846154,20.666666666666668,0.2539682539682539,0.2307692307692307,0.7362637362637363,False,True
3.25,4.865384615384615,6.833333333333333,0.1428571428571428,0.2307692307692307,0.7472527472527473,False,True
3.0,4.692307692307692,12.8,0.08,0.1846153846153846,0.7472527472527473,False,True
2.6,4.892307692307692,8.0,0.0628571428571428,0.1846153846153846,0.7472527472527473,False,True
2.1666666666666665,4.653846153846153,11.8,0.1269841269841269,0.2307692307692308,0.7472527472527473,False,True
3.1666666666666665,4.743589743589744,11.2,0.0753968253968253,0.1923076923076923,0.7472527472527473,False,True
2.6,4.784615384615384,9.0,0.1542857142857143,0.1846153846153846,0.7472527472527473,False,True
3.2,4.584615384615384,12.8,0.1828571428571428,0.2307692307692307,0.7472527472527473,False,True
2.875,4.798076923076923,8.392857142857142,0.1339285714285714,0.173076923076923,0.7472527472527473,False,True
2.888888888888889,4.88034188034188,7.0,0.0758377425044091,0.1794871794871795,0.7472527472527473,False,True
3.6,4.384615384615384,16.2,0.24,0.2307692307692307,0.7472527472527473,False,True
3.0,5.0,2.0,0.0357142857142857,0.2307692307692307,0.7252747252747253,False,True
3.0,4.487179487179487,16.0,0.2222222222222222,0.2307692307692307,0.7472527472527473,False,True
4.0,5.0,,0.0,0.2307692307692307,0.7142857142857143,False,True
3.333333333333333,4.666666666666667,10.0,0.0634920634920634,0.2307692307692307,0.7252747252747253,False,True
3.6666666666666665,4.487179487179487,16.0,0.2222222222222222,0.2307692307692307,0.7472527472527473,False,True
2.6666666666666665,5.0,2.0,0.0317460317460317,0.2307692307692307,0.7252747252747253,False,True
4.0,5.0,4.0,0.1269841269841269,0.1538461538461538,0.7472527472527473,False,True
2.5,5.0,8.0,0.0357142857142857,0.173076923076923,0.7802197802197802,False,True
3.0,4.714285714285714,9.333333333333334,0.2128279883381924,0.2307692307692308,0.7472527472527473,False,True
3.5,4.230769230769231,20.0,0.0714285714285714,0.2307692307692307,0.7142857142857143,False,True
2.125,4.740384615384615,10.178571428571429,0.1116071428571428,0.2019230769230769,0.7472527472527473,False,True
2.75,4.673076923076923,10.428571428571429,0.1540178571428571,0.2307692307692307,0.7472527472527473,False,True
4.0,4.730769230769231,13.0,0.1785714285714285,0.2307692307692307,0.7472527472527473,False,True
2.857142857142857,4.9230769230769225,6.380952380952381,0.0670553935860058,0.1978021978021978,0.7472527472527473,False,True
3.5,4.480769230769231,13.5,0.2410714285714285,0.2307692307692307,0.7472527472527473,False,True
2.625,4.625,13.964285714285714,0.1941964285714285,0.2307692307692307,0.8021978021978022,False,True
3.6666666666666665,4.487179487179487,15.333333333333334,0.1111111111111111,0.2307692307692307,0.7362637362637363,False,True
2.7777777777777777,4.606837606837607,14.61111111111111,0.1534391534391534,0.2307692307692307,0.8021978021978022,False,True
3.0,4.653846153846153,11.666666666666666,0.1388888888888889,0.2307692307692308,0.7472527472527473,False,True
2.7142857142857144,4.9230769230769225,6.380952380952381,0.075801749271137,0.1978021978021978,0.7472527472527473,False,True
3.5,5.0,0.0,0.0,0.2307692307692307,0.7142857142857143,False,True
3.5,4.730769230769231,11.0,0.1071428571428571,0.2307692307692307,0.7362637362637363,False,True
3.5,4.730769230769231,9.0,0.1071428571428571,0.2307692307692307,0.7252747252747253,False,True
3.5,4.75,11.5,0.0982142857142857,0.173076923076923,0.7472527472527473,False,True
3.0,4.714285714285714,11.904761904761903,0.1807580174927114,0.2307692307692308,0.7802197802197802,False,True
3.6666666666666665,5.0,1.3333333333333333,0.0634920634920634,0.2307692307692307,0.7252747252747253,False,True
2.5,5.0,3.6,0.119047619047619,0.1923076923076923,0.7472527472527473,False,True
3.0,4.8,11.2,0.16,0.2307692307692307,0.7802197802197802,False,True
2.833333333333333,4.666666666666667,13.466666666666669,0.1825396825396825,0.2307692307692308,0.7802197802197802,False,True
3.142857142857143,4.9230769230769225,5.523809523809524,0.1020408163265306,0.2307692307692308,0.7472527472527473,False,True
2.5,4.653846153846153,12.333333333333334,0.1269841269841269,0.1923076923076923,0.7472527472527473,False,True
3.5,4.230769230769231,20.0,0.0714285714285714,0.2307692307692307,0.7142857142857143,False,True
3.0,4.487179487179487,16.666666666666668,0.2222222222222222,0.2307692307692307,0.7472527472527473,False,True
2.6666666666666665,4.487179487179487,16.0,0.1746031746031746,0.2307692307692307,0.7472527472527473,False,True
2.5,5.0,1.6666666666666667,0.0446428571428571,0.2307692307692307,0.7252747252747253,False,True
3.0,4.6,11.0,0.16,0.2307692307692307,0.7362637362637363,False,True
3.0,5.0,,0.0,0.2307692307692307,0.7142857142857143,False,True
2.8,4.7846153846153845,8.8,0.1542857142857143,0.2307692307692307,0.7472527472527473,False,True
2.6666666666666665,4.82051282051282,7.333333333333333,0.0634920634920634,0.2307692307692307,0.7362637362637363,False,True
2.6666666666666665,4.829059829059829,8.055555555555555,0.1234567901234568,0.2051282051282051,0.7472527472527473,False,True
3.0,4.461538461538462,2.6666666666666665,0.0634920634920634,0.2307692307692307,0.6593406593406593,False,True
3.0,5.0,4.0,0.0357142857142857,0.2307692307692307,0.7362637362637363,False,True
2.6666666666666665,4.641025641025641,9.333333333333334,0.1587301587301587,0.2307692307692307,0.7362637362637363,False,True
2.833333333333333,4.666666666666667,10.133333333333333,0.246031746031746,0.2307692307692308,0.7472527472527473,False,True
3.0,5.0,,0.0,0.2307692307692307,0.7142857142857143,False,True
3.1666666666666665,4.833333333333333,9.933333333333334,0.126984126984127,0.2307692307692308,0.7802197802197802,False,True
2.2,4.7846153846153845,9.2,0.1542857142857143,0.1846153846153846,0.7472527472527473,False,True
2.7142857142857144,4.78021978021978,9.80952380952381,0.0991253644314868,0.1978021978021978,0.7472527472527473,False,True
4.0,4.5,15.0,0.1071428571428571,0.2307692307692307,0.7252747252747253,False,True
4.0,4.5,17.0,0.1428571428571428,0.2307692307692307,0.7362637362637363,False,True
2.5,5.0,3.8666666666666663,0.0833333333333333,0.1538461538461538,0.7472527472527473,False,True
4.0,4.333333333333333,15.333333333333334,0.2539682539682539,0.2307692307692307,0.7362637362637363,False,True
2.333333333333333,4.769230769230769,9.444444444444445,0.1040564373897707,0.2051282051282051,0.7472527472527473,False,True
2.5,4.740384615384615,10.321428571428571,0.0915178571428571,0.2019230769230769,0.7472527472527473,False,True
2.5,4.865384615384615,7.285714285714286,0.1116071428571428,0.2019230769230769,0.7472527472527473,False,True
2.7142857142857144,4.846153846153846,7.047619047619048,0.1457725947521866,0.2307692307692308,0.7472527472527473,False,True
2.75,4.865384615384615,6.833333333333333,0.1339285714285714,0.2307692307692307,0.7472527472527473,False,True
3.0,4.784615384615384,7.0,0.0742857142857143,0.2307692307692307,0.7362637362637363,False,True
3.5,5.0,2.0,0.0357142857142857,0.2307692307692307,0.7252747252747253,False,True
3.333333333333333,4.487179487179487,15.333333333333334,0.1746031746031746,0.2307692307692307,0.7472527472527473,False,True
3.0,5.0,10.0,0.0634920634920634,0.2307692307692307,0.7802197802197802,False,True
2.5,4.82051282051282,8.8,0.1071428571428571,0.1923076923076923,0.7472527472527473,False,True
3.0,5.0,2.0,0.0357142857142857,0.2307692307692307,0.7252747252747253,False,True
2.833333333333333,4.82051282051282,7.466666666666667,0.1349206349206349,0.2307692307692308,0.7472527472527473,False,True
3.0,4.730769230769231,11.0,0.1428571428571428,0.2307692307692307,0.7362637362637363,False,True
3.0,4.846153846153846,7.904761904761905,0.0991253644314868,0.1648351648351648,0.7472527472527473,False,True
3.0,4.8,8.8,0.16,0.1846153846153846,0.7472527472527473,False,True
2.8,4.8,7.4,0.0685714285714285,0.2307692307692307,0.7362637362637363,False,True
3.0,4.5,15.0,0.1071428571428571,0.2307692307692307,0.7252747252747253,False,True
3.0,4.91025641025641,6.066666666666666,0.1031746031746031,0.2307692307692308,0.7472527472527473,False,True
2.75,4.615384615384615,13.666666666666666,0.1428571428571428,0.2307692307692307,0.7472527472527473,False,True
3.0,4.730769230769231,8.0,0.1160714285714285,0.2307692307692307,0.7362637362637363,False,True
2.5,4.740384615384615,9.464285714285714,0.1316964285714285,0.2307692307692307,0.7472527472527473,False,True
3.333333333333333,4.82051282051282,8.666666666666666,0.1587301587301587,0.2307692307692307,0.7472527472527473,False,True
3.0,5.0,4.666666666666667,0.0952380952380952,0.1538461538461538,0.7472527472527473,False,True
2.8,4.692307692307692,11.8,0.1085714285714285,0.2307692307692307,0.7472527472527473,False,True
3.0,5.0,4.0,0.0357142857142857,0.2307692307692307,0.7362637362637363,False,True
2.6,4.692307692307692,11.8,0.1085714285714285,0.2307692307692307,0.7472527472527473,False,True
3.0,4.153846153846154,17.333333333333332,0.1269841269841269,0.2307692307692307,0.7142857142857143,False,True
3.5,4.5,15.0,0.1071428571428571,0.2307692307692307,0.7252747252747253,False,True
3.0,4.0,2.0,0.0,0.2307692307692307,0.5824175824175825,False,True
4.0,4.461538461538462,,0.0,0.2307692307692307,0.6373626373626373,False,True
2.7142857142857144,4.846153846153846,8.0,0.0991253644314868,0.1978021978021978,0.7472527472527473,False,True
4.0,4.730769230769231,11.0,0.1071428571428571,0.2307692307692307,0.7362637362637363,False,True
2.8086956521739133,4.641471571906354,11.330282227307398,0.1473737688931747,0.2227424749163879,0.8021978021978022,False,True
2.8086956521739133,4.641471571906354,11.215560640732264,0.1483143424804383,0.2227424749163879,0.7802197802197802,True,True
2.8086956521739133,4.639464882943143,11.59908466819222,0.1338812713867193,0.2227424749163879,0.7802197802197802,True,True
2.8086956521739133,4.632107023411372,11.375438596491229,0.1449746268299709,0.2267558528428093,0.8021978021978022,True,True
2.8086956521739133,4.636120401337793,11.250953470633103,0.1546737024525222,0.2227424749163879,0.8021978021978022,True,True
2.8086956521739133,4.616722408026756,11.496567505720824,0.1526116423393841,0.2247491638795986,0.8021978021978022,True,True
2.8086956521739133,4.650167224080267,11.221662852784137,0.1301473207965233,0.2207357859531772,0.8021978021978022,True,True
2.8086956521739133,4.650167224080268,11.257360793287567,0.1286979093367182,0.2247491638795986,0.8021978021978022,True,True
2.8086956521739133,4.680267558528429,10.710602593440122,0.1267828050619372,0.2187290969899665,0.7802197802197802,True,True
2.8086956521739133,4.666889632107024,10.894279176201373,0.1377147329867674,0.2227424749163879,0.8021978021978022,True,True
2.8086956521739133,4.670903010033445,10.949809305873378,0.1338861902742645,0.2187290969899666,0.7802197802197802,True,True
2.8086956521739133,4.667558528428094,11.063005339435543,0.1330991121794223,0.2227424749163879,0.8021978021978022,True,True
2.8086956521739133,4.635451505016722,11.349504195270786,0.1385961068917606,0.2247491638795986,0.8021978021978022,True,True
2.8086956521739133,4.698327759197325,10.308466819221968,0.1297301731096221,0.2207357859531772,0.8021978021978022,True,True
2.8086956521739133,4.676923076923076,10.581540808543098,0.1400878676620419,0.2247491638795986,0.8021978021978022,True,True
2.8086956521739133,4.640802675585284,11.074294431731502,0.1371036361174551,0.2247491638795986,0.8021978021978022,True,True
2.8086956521739133,4.636120401337793,11.442562929061785,0.1421615030353124,0.2227424749163879,0.8021978021978022,True,True
2.8086956521739133,4.634113712374582,11.247292143401983,0.1274442182795894,0.2187290969899666,0.7802197802197802,True,True
2.8086956521739133,4.646153846153845,11.095041952707856,0.1499675464404764,0.2227424749163879,0.8021978021978022,True,True
2.8086956521739133,4.671571906354515,10.832951945080092,0.1330059739308805,0.2207357859531772,0.8021978021978022,True,True
2.8086956521739133,4.653511705685619,10.757894736842106,0.1503667882190121,0.2267558528428093,0.8021978021978022,True,True
2.8086956521739133,4.675585284280936,10.55072463768116,0.1392829173968378,0.2247491638795987,0.8021978021978022,True,True
2.8086956521739133,4.653511705685618,10.874141876430206,0.1367625843370074,0.2267558528428093,0.8021978021978022,True,True
2.8086956521739133,4.624080267558528,11.07154843630816,0.16845932444616,0.2247491638795986,0.8021978021978022,True,True
2.8086956521739133,4.662876254180602,11.014797864225782,0.1349454504483311,0.2227424749163879,0.8021978021978022,True,True
2.8086956521739133,4.6923076923076925,10.434172387490465,0.1275769680678104,0.2227424749163879,0.7802197802197802,True,True
2.8086956521739133,4.648160535117057,10.911060259344012,0.1426861519201113,0.2227424749163879,0.7802197802197802,True,True
2.8086956521739133,4.6468227424749164,11.177116704805492,0.1554447424806967,0.2207357859531772,0.7802197802197802,True,True
2.8086956521739133,4.622742474916389,11.83768115942029,0.1429291159157354,0.2247491638795987,0.8021978021978022,True,True
2.8086956521739133,4.653511705685619,11.092295957284517,0.142182965884536,0.2227424749163879,0.8021978021978022,True,True
2.8086956521739133,4.644147157190636,11.266819221967964,0.1294424378410893,0.2227424749163879,0.8021978021978022,True,True
2.8086956521739133,4.65484949832776,11.14233409610984,0.1424968977586824,0.2247491638795987,0.7802197802197802,True,True
2.8086956521739133,4.624749163879598,11.475209763539285,0.1476050557717088,0.2247491638795986,0.8021978021978022,True,True
2.8086956521739133,4.626086956521739,11.451411136536995,0.1464220883148783,0.2247491638795987,0.8021978021978022,True,True
2.8086956521739133,4.622742474916389,11.37482837528604,0.1483138325367692,0.2207357859531772,0.8021978021978022,True,True
2.8086956521739133,4.661538461538462,11.148741418764304,0.1201210516786504,0.2167224080267558,0.8021978021978022,True,True
2.8086956521739133,4.649498327759197,11.310450038138825,0.1277762273931428,0.2187290969899665,0.8021978021978022,True,True
2.8086956521739133,4.613377926421404,11.757131960335622,0.132262148274771,0.2207357859531772,0.7802197802197802,True,True
2.8086956521739133,4.640133779264214,11.2790236460717,0.1418987371246867,0.2207357859531772,0.8021978021978022,True,True
2.8086956521739133,4.6474916387959855,11.187185354691076,0.1494746026675816,0.2207357859531772,0.8021978021978022,True,True
2.8086956521739133,4.666889632107023,10.659344012204423,0.144193883516543,0.2227424749163879,0.8021978021978022,True,True
2.8086956521739133,4.655518394648829,11.123112128146452,0.1450601286119362,0.2187290969899666,0.8021978021978022,True,True
2.8086956521739133,4.636120401337793,11.347368421052632,0.145838781088633,0.2247491638795987,0.8021978021978022,True,True
2.8086956521739133,4.709030100334448,9.982608695652171,0.1413029037316366,0.2227424749163879,0.8021978021978022,True,True
2.8086956521739133,4.587290969899666,12.264836003051109,0.1373341022820023,0.2187290969899665,0.8021978021978022,True,True
2.8086956521739133,4.600668896321071,11.792829900839054,0.1622208441077686,0.2247491638795986,0.8021978021978022,True,True
2.8086956521739133,4.65819397993311,10.941266209000762,0.130725473851112,0.2167224080267558,0.8021978021978022,True,True
2.8086956521739133,4.622073578595318,11.480701754385963,0.1422330849509606,0.2187290969899665,0.8021978021978022,True,True
2.8086956521739133,4.614046822742475,11.541113653699464,0.1517289871730809,0.2247491638795987,0.7802197802197802,True,True
2.8086956521739133,4.666220735785953,10.826849733028222,0.1332204617976797,0.2207357859531772,0.7802197802197802,True,True
2.8086956521739133,4.646153846153845,11.232951945080092,0.1439781055760359,0.2207357859531772,0.8021978021978022,True,True
2.8086956521739133,4.670234113712374,10.474141876430206,0.134018863029959,0.2227424749163879,0.8021978021978022,True,True
2.8086956521739133,4.6468227424749164,11.287566742944318,0.1433806331540543,0.2207357859531772,0.8021978021978022,True,True
2.8086956521739133,4.681605351170568,10.655987795575896,0.1427128449429842,0.2247491638795986,0.7802197802197802,True,True
2.8086956521739133,4.635451505016722,11.4233409610984,0.1290938885036356,0.2207357859531772,0.8021978021978022,True,True
2.8086956521739133,4.6876254180602,10.43112128146453,0.1250542032838749,0.2227424749163879,0.8021978021978022,True,True
2.8086956521739133,4.579264214046822,12.336842105263155,0.1485294912404548,0.2167224080267558,0.8021978021978022,True,True
2.8086956521739133,4.652173913043479,11.314721586575134,0.1285398499630746,0.2227424749163879,0.8021978021978022,True,True
2.8086956521739133,4.676923076923076,10.597101449275362,0.1340958679635229,0.2187290969899665,0.7802197802197802,True,True
2.8086956521739133,4.649498327759198,11.412662090007627,0.1276267020051765,0.2167224080267558,0.8021978021978022,True,True
2.8086956521739133,4.698996655518394,10.279786422578184,0.1282052428868212,0.2187290969899666,0.8021978021978022,True,True
2.8086956521739133,4.649498327759198,11.124942791762011,0.1343914054610935,0.2167224080267558,0.8021978021978022,True,True
2.8086956521739133,4.707692307692308,10.112280701754386,0.1479437412632247,0.2207357859531772,0.8021978021978022,True,True
2.8086956521739133,4.624080267558528,11.633867276887871,0.1541648862291239,0.2247491638795987,0.8021978021978022,True,True
2.8086956521739133,4.62742474916388,11.460869565217392,0.1457770630738894,0.2227424749163879,0.8021978021978022,True,True
2.8086956521739133,4.696989966555185,10.205034324942792,0.1280601786576899,0.2247491638795987,0.8021978021978022,True,True
2.8086956521739133,4.688294314381271,10.443935926773456,0.1277243484141321,0.2247491638795986,0.7802197802197802,True,True
2.8086956521739133,4.636789297658863,11.23813882532418,0.1513610353505431,0.2267558528428093,0.7802197802197802,True,True
2.8086956521739133,4.666889632107023,10.869260106788712,0.1428420676423326,0.222742474916388,0.8021978021978022,True,True
2.8086956521739133,4.619397993311036,11.430358504958049,0.1547859671534788,0.2247491638795986,0.8021978021978022,True,True
2.8086956521739133,4.6642140468227415,10.769488939740656,0.1393204661266634,0.2207357859531772,0.7802197802197802,True,True
2.8086956521739133,4.648829431438127,11.469412662090008,0.1330110342138475,0.2167224080267558,0.7802197802197802,True,True
2.8086956521739133,4.6314381270903,11.1954233409611,0.1578055168253132,0.2247491638795987,0.8021978021978022,True,True
2.8086956521739133,4.624080267558528,11.541113653699464,0.1508987873958093,0.2207357859531772,0.8021978021978022,True,True
2.8086956521739133,4.65886287625418,10.936994660564457,0.1486101051471293,0.2207357859531772,0.8021978021978022,True,True
2.8086956521739133,4.642140468227424,11.220747520976357,0.1528659985690178,0.2227424749163879,0.8021978021978022,True,True
2.8086956521739133,4.65819397993311,11.12738367658276,0.1315773908703707,0.2227424749163879,0.8021978021978022,True,True
2.8086956521739133,4.660200668896321,10.66880244088482,0.151912675596729,0.2207357859531772,0.8021978021978022,True,True
2.8086956521739133,4.639464882943144,11.225934401220442,0.139334414144843,0.2267558528428093,0.8021978021978022,True,True
2.8086956521739133,4.646153846153847,11.033714721586575,0.1517047438586006,0.2247491638795986,0.8021978021978022,True,True
2.8086956521739133,4.62876254180602,11.437376048817695,0.1459812744049446,0.2227424749163879,0.8021978021978022,True,True
2.8086956521739133,4.698996655518394,10.1534706331045,0.1494601763355321,0.2207357859531772,0.7802197802197802,True,True
2.8086956521739133,4.624080267558528,11.250953470633103,0.148814581141608,0.2247491638795986,0.8021978021978022,True,True
2.8086956521739133,4.640133779264214,11.38367658276125,0.1338747528292416,0.2207357859531772,0.8021978021978022,True,True
2.8086956521739133,4.666889632107023,11.115789473684211,0.1344919045828887,0.2227424749163879,0.8021978021978022,True,True
2.8086956521739133,4.636120401337793,11.359267734553775,0.1379798138368228,0.2247491638795986,0.7802197802197802,True,True
2.8086956521739133,4.642809364548495,11.208543096872615,0.1297464290319476,0.2207357859531772,0.7802197802197802,True,True
2.8086956521739133,4.65484949832776,11.074294431731502,0.1432486627546965,0.2227424749163879,0.8021978021978022,True,True
2.8086956521739133,4.618729096989967,11.603356216628528,0.1561108054865552,0.2207357859531772,0.7802197802197802,True,True
2.8086956521739133,4.6809364548494985,10.484515636918385,0.1346826423086914,0.2207357859531772,0.8021978021978022,True,True
2.8086956521739133,4.632775919732442,11.37025171624714,0.155902040214487,0.2207357859531772,0.8021978021978022,True,True
2.8086956521739133,4.644816053511706,10.94614797864226,0.1414369805055204,0.2227424749163879,0.8021978021978022,True,True
2.8086956521739133,4.65819397993311,10.850038138825324,0.1375702255540699,0.2227424749163879,0.7802197802197802,True,True
2.8086956521739133,4.672909698996655,10.979710144927536,0.1283932515012414,0.2227424749163879,0.7802197802197802,True,True
2.8086956521739133,4.645484949832777,11.171319603356215,0.1288599255974697,0.222742474916388,0.8021978021978022,True,True
2.8086956521739133,4.648160535117057,10.839664378337147,0.140927987397938,0.2227424749163879,0.7802197802197802,True,True
2.8086956521739133,4.664214046822742,10.686803966437834,0.1502876961142156,0.2227424749163879,0.8021978021978022,True,True
2.8086956521739133,4.633444816053512,11.012662090007629,0.1619965585705051,0.2227424749163879,0.7802197802197802,True,True
2.8086956521739133,4.667558528428093,10.87109077040427,0.1410473545313711,0.2247491638795986,0.8021978021978022,True,True
2.8086956521739133,4.637458193979934,11.576506483600305,0.1373048168755595,0.2207357859531772,0.8021978021978022,True,True
2.8086956521739133,4.632107023411372,11.456903127383676,0.1393683616395847,0.2207357859531772,0.8021978021978022,True,True
2.8086956521739133,4.635451505016722,11.24973302822273,0.1567426748978773,0.2227424749163879,0.8021978021978022,True,True
2.8086956521739133,4.626086956521739,11.56887871853547,0.146519157341068,0.2187290969899666,0.8021978021978022,True,True
2.8086956521739133,4.654180602006688,11.252173913043478,0.1345821377936808,0.2207357859531772,0.8021978021978022,True,True
2.8086956521739133,4.674916387959866,10.69626239511823,0.1347639963254072,0.2207357859531772,0.8021978021978022,True,True
2.8086956521739133,4.676254180602006,10.319450800915332,0.1450824495989418,0.2227424749163879,0.8021978021978022,True,True
2.8086956521739133,4.661538461538462,10.652326468344777,0.1459483401932513,0.2247491638795986,0.7802197802197802,True,True
2.8086956521739133,4.622742474916389,11.623798627002287,0.1351968482438321,0.2167224080267558,0.7802197802197802,True,True
2.8086956521739133,4.645484949832777,11.253394355453851,0.139458092239903,0.2227424749163879,0.8021978021978022,True,True
2.8086956521739133,4.653511705685619,10.904958047292144,0.1448322823595078,0.2267558528428093,0.8021978021978022,True,True
2.8086956521739133,4.694314381270902,10.329519450800916,0.1296048486125733,0.2207357859531772,0.8021978021978022,True,True
2.8086956521739133,4.616722408026756,11.729061784897024,0.1670652004192489,0.2247491638795986,0.8021978021978022,True,True
2.8086956521739133,4.655518394648829,11.007170099160946,0.1379748808080567,0.2187290969899665,0.7802197802197802,True,True
2.8086956521739133,4.65752508361204,10.858886346300531,0.1401912531757571,0.222742474916388,0.7802197802197802,True,True
2.8086956521739133,4.644816053511706,11.376659038901602,0.1290647593784459,0.2147157190635451,0.8021978021978022,True,True
2.8086956521739133,4.609364548494983,11.73760488176964,0.1524801893702287,0.2247491638795986,0.8021978021978022,True,True
2.8086956521739133,4.676923076923076,10.532418001525553,0.1561216911825491,0.2227424749163879,0.8021978021978022,True,True
2.8086956521739133,4.6173913043478265,11.81296720061022,0.1382686077063825,0.2267558528428093,0.8021978021978022,True,True
2.8086956521739133,4.640133779264215,11.492295957284515,0.133157214508847,0.2147157190635451,0.7802197802197802,True,True
2.8086956521739133,4.649498327759198,11.16003051106026,0.1377701649793052,0.2247491638795987,0.8021978021978022,True,True
2.8086956521739133,4.653511705685618,11.283905415713196,0.1271434660740187,0.2207357859531772,0.8021978021978022,True,True
2.8086956521739133,4.654180602006688,11.280549199084668,0.1321201092476243,0.2167224080267558,0.8021978021978022,True,True
2.8086956521739133,4.6347826086956525,11.128604118993136,0.1431720065593626,0.2207357859531772,0.7802197802197802,True,True
2.8086956521739133,4.653511705685619,11.142639206712431,0.1392249104318008,0.2227424749163879,0.7802197802197802,True,True
2.8086956521739133,4.644816053511706,11.330587337909993,0.1359521806503,0.2207357859531772,0.8021978021978022,True,True
2.8086956521739133,4.662207357859532,10.769794050343249,0.1505827093375206,0.2247491638795986,0.8021978021978022,True,True
2.8086956521739133,4.62742474916388,11.674752097635391,0.1415918885509436,0.2227424749163879,0.7802197802197802,True,True
2.8086956521739133,4.652842809364548,11.075209763539284,0.132396408759594,0.2207357859531772,0.8021978021978022,True,True
2.8086956521739133,4.677591973244147,10.508009153318078,0.1396183696391859,0.2227424749163879,0.8021978021978022,True,True
2.8086956521739133,4.65819397993311,11.195118230358505,0.1361950308202217,0.2207357859531772,0.8021978021978022,True,True
2.8086956521739133,4.595986622073578,11.88192219679634,0.1503416852271866,0.2267558528428093,0.8021978021978022,True,True
2.8086956521739133,4.65886287625418,11.0883295194508,0.125549100346765,0.2187290969899666,0.8021978021978022,True,True
2.8086956521739133,4.649498327759197,11.148131197559117,0.1463569871642958,0.2267558528428093,0.8021978021978022,True,True
2.8086956521739133,4.65886287625418,10.742028985507249,0.1405737114982594,0.2227424749163879,0.8021978021978022,True,True
2.8086956521739133,4.631438127090301,11.262547673531657,0.1383123197839722,0.2207357859531772,0.7802197802197802,True,True
2.8086956521739133,4.667558528428093,10.79115179252479,0.1488892173560278,0.2247491638795986,0.7802197802197802,True,True
2.8086956521739133,4.637458193979931,11.158504958047292,0.1559436855183607,0.2247491638795987,0.7802197802197802,True,True
2.8086956521739133,4.636120401337793,11.305263157894736,0.1389896157832315,0.2207357859531772,0.8021978021978022,True,True
2.8086956521739133,4.6575250836120405,10.769794050343249,0.1430136886673288,0.2227424749163879,0.8021978021978022,True,True
2.8086956521739133,4.693645484949832,10.406712433257056,0.1248970791735794,0.2207357859531772,0.8021978021978022,True,True
2.8086956521739133,4.613377926421404,11.87063310450038,0.1332821719798153,0.2187290969899666,0.8021978021978022,True,True
2.8086956521739133,4.662207357859532,11.02425629290618,0.1245068238865661,0.2227424749163879,0.8021978021978022,True,True
2.8086956521739133,4.688294314381271,10.733180778032036,0.1183455135661175,0.2207357859531772,0.8021978021978022,True,True
2.8086956521739133,4.641471571906354,11.25156369183829,0.1554330615706456,0.222742474916388,0.8021978021978022,True,True
2.8086956521739133,4.649498327759198,10.83905415713196,0.1399840703805745,0.222742474916388,0.7802197802197802,True,True
2.8086956521739133,4.68561872909699,10.540350877192983,0.1379780785336448,0.2187290969899666,0.8021978021978022,True,True
2.8086956521739133,4.596655518394648,11.756216628527842,0.1630722396812181,0.2207357859531772,0.8021978021978022,True,True
2.8086956521739133,4.654849498327759,11.042257818459191,0.1300296197792186,0.2207357859531772,0.7802197802197802,True,True
2.8086956521739133,4.624080267558528,11.71716247139588,0.1402226037972795,0.2207357859531772,0.8021978021978022,True,True
2.8086956521739133,4.689632107023412,10.468039664378336,0.128821983656119,0.2167224080267558,0.8021978021978022,True,True
2.8086956521739133,4.622742474916387,11.878871090770405,0.129614413733077,0.2207357859531772,0.7802197802197802,True,True
2.8086956521739133,4.644816053511706,11.408085430968724,0.1379135691071155,0.2247491638795987,0.8021978021978022,True,True
2.8086956521739133,4.610702341137125,11.780320366132724,0.1612416177313485,0.2267558528428093,0.8021978021978022,True,True
2.8086956521739133,4.699665551839463,10.290160183066362,0.1349997228426334,0.2227424749163879,0.8021978021978022,True,True
2.8086956521739133,4.676254180602006,10.543096872616324,0.1406449410680534,0.2187290969899666,0.7802197802197802,True,True
2.8086956521739133,4.674247491638796,10.590999237223494,0.133772980559626,0.2247491638795986,0.8021978021978022,True,True
2.8086956521739133,4.662876254180603,11.09351639969489,0.1364418854607956,0.2207357859531772,0.8021978021978022,True,True
2.8086956521739133,4.62742474916388,11.505415713196031,0.1477384024446358,0.2247491638795986,0.8021978021978022,True,True
2.8086956521739133,4.649498327759198,10.995270785659802,0.1432479085153603,0.2207357859531772,0.8021978021978022,True,True
2.8086956521739133,4.689632107023411,10.205339435545383,0.1306814585629995,0.2207357859531772,0.7802197802197802,True,True
2.8086956521739133,4.618729096989967,11.55484363081617,0.1488889578770658,0.2207357859531772,0.8021978021978022,True,True
2.8086956521739133,4.640802675585284,11.021205186880245,0.1529681838995392,0.2207357859531772,0.8021978021978022,True,True
3.6,5.0,6.4,0.3942857142857143,0.2307692307692307,0.7802197802197802,False,False
3.6,4.892307692307692,5.6,0.4171428571428572,0.2307692307692307,0.7472527472527473,False,False
3.625,4.932692307692308,5.107142857142857,0.4241071428571428,0.2307692307692307,0.7472527472527473,False,False
4.0,5.0,,0.7142857142857143,0.2307692307692307,0.7142857142857143,False,False
3.75,5.0,5.333333333333333,0.3660714285714285,0.173076923076923,0.7472527472527473,False,False
3.5,4.75,9.166666666666666,0.5089285714285714,0.2307692307692307,0.7362637362637363,False,False
3.857142857142857,4.9230769230769225,7.809523809523809,0.4169096209912536,0.2307692307692308,0.7802197802197802,False,False
3.8,4.892307692307692,9.8,0.3942857142857143,0.2307692307692307,0.7802197802197802,False,False
3.5,4.743589743589744,8.8,0.4246031746031746,0.2307692307692308,0.7472527472527473,False,False
3.6666666666666665,5.0,9.333333333333334,0.3968253968253968,0.2307692307692307,0.7802197802197802,False,False
4.0,4.865384615384615,11.5,0.3303571428571428,0.173076923076923,0.7802197802197802,False,False
3.6,4.892307692307692,6.6,0.3771428571428571,0.2307692307692307,0.7472527472527473,False,False
3.8,5.0,6.2,0.4571428571428572,0.2307692307692307,0.7802197802197802,False,False
3.6666666666666665,4.730769230769231,8.866666666666667,0.4603174603174603,0.2307692307692308,0.7472527472527473,False,False
3.625,4.798076923076923,8.178571428571429,0.3995535714285714,0.2307692307692307,0.7472527472527473,False,False
4.0,5.0,,0.4285714285714285,0.2307692307692307,0.7142857142857143,False,False
3.5,4.91025641025641,8.333333333333334,0.365079365079365,0.2307692307692308,0.7802197802197802,False,False
3.5,4.730769230769231,9.0,0.4325396825396825,0.2307692307692308,0.7472527472527473,False,False
3.5,5.0,4.0,0.5,0.2307692307692307,0.7362637362637363,False,False
3.8333333333333335,4.833333333333333,8.2,0.3968253968253968,0.1923076923076923,0.7472527472527473,False,False
3.4285714285714284,4.626373626373627,11.428571428571429,0.4548104956268221,0.2307692307692308,0.7472527472527473,False,False
3.5,4.932692307692308,5.035714285714286,0.4084821428571428,0.2307692307692307,0.7472527472527473,False,False
3.4285714285714284,4.9230769230769225,5.238095238095238,0.3848396501457726,0.2307692307692308,0.7472527472527473,False,False
3.857142857142857,4.9230769230769225,5.047619047619048,0.4868804664723031,0.2307692307692308,0.7472527472527473,False,False
3.5,4.740384615384615,9.821428571428571,0.4508928571428571,0.2307692307692307,0.7472527472527473,False,False
4.0,5.0,,0.2857142857142857,0.0,0.7142857142857143,False,False
3.5,5.0,2.0,0.4642857142857143,0.2307692307692307,0.7252747252747253,False,False
3.5,4.82051282051282,8.0,0.4404761904761905,0.2307692307692308,0.7472527472527473,False,False
3.5,4.91025641025641,5.666666666666667,0.4642857142857143,0.2307692307692308,0.7472527472527473,False,False
4.0,4.641025641025641,10.0,0.5555555555555556,0.1538461538461538,0.7472527472527473,False,False
3.857142857142857,4.857142857142857,7.428571428571429,0.4227405247813411,0.1978021978021978,0.7472527472527473,False,False
4.0,4.730769230769231,11.0,0.5714285714285714,0.2307692307692307,0.7362637362637363,False,False
3.5,4.792307692307692,10.422222222222222,0.38,0.2307692307692307,0.7802197802197802,False,False
3.5,5.0,4.0,0.5,0.2307692307692307,0.7362637362637363,False,False
3.6,5.0,6.2,0.4114285714285715,0.2307692307692307,0.7802197802197802,False,False
3.5,4.865384615384615,7.5,0.4285714285714285,0.2307692307692307,0.7472527472527473,False,False
3.571428571428572,4.769230769230768,8.380952380952381,0.4139941690962099,0.2307692307692308,0.7472527472527473,False,False
3.0,4.865384615384615,6.833333333333333,0.4285714285714285,0.2307692307692307,0.7472527472527473,False,False
3.5,5.0,12.0,0.4285714285714285,0.2307692307692307,0.7802197802197802,False,False
4.0,4.82051282051282,10.666666666666666,0.365079365079365,0.1538461538461538,0.7472527472527473,False,False
3.8,4.8,7.2,0.4685714285714286,0.2307692307692307,0.7362637362637363,False,False
3.375,4.740384615384615,9.964285714285714,0.3928571428571428,0.2307692307692307,0.7472527472527473,False,False
3.75,5.0,7.333333333333333,0.3928571428571428,0.2307692307692307,0.7802197802197802,False,False
3.5,5.0,12.0,0.4285714285714285,0.2307692307692307,0.7802197802197802,False,False
3.5,4.865384615384615,6.5,0.4017857142857143,0.2307692307692307,0.7472527472527473,False,False
3.7142857142857135,4.703296703296703,10.571428571428571,0.4198250728862973,0.2307692307692308,0.7472527472527473,False,False
3.75,5.0,2.0,0.5892857142857143,0.2307692307692307,0.7362637362637363,False,False
3.6666666666666665,5.0,7.466666666666667,0.3968253968253968,0.2307692307692308,0.7802197802197802,False,False
3.6,4.892307692307692,10.0,0.3942857142857143,0.2307692307692307,0.7802197802197802,False,False
3.6,5.0,2.8,0.4742857142857143,0.2307692307692307,0.7362637362637363,False,False
3.1666666666666665,4.487179487179487,15.466666666666669,0.4523809523809524,0.2307692307692308,0.7692307692307693,False,False
3.333333333333333,4.82051282051282,9.333333333333334,0.4126984126984127,0.2307692307692307,0.7472527472527473,False,False
3.75,5.0,3.0,0.5,0.2307692307692307,0.7362637362637363,False,False
3.6666666666666665,5.0,5.733333333333333,0.4603174603174603,0.2307692307692308,0.7802197802197802,False,False
3.6,5.0,1.2,0.4514285714285714,0.2307692307692307,0.7252747252747253,False,False
3.6666666666666665,5.0,2.6666666666666665,0.5079365079365079,0.2307692307692307,0.7362637362637363,False,False
3.5,4.82051282051282,8.0,0.4007936507936507,0.2307692307692308,0.7472527472527473,False,False
3.6666666666666665,5.0,4.666666666666667,0.4285714285714285,0.2307692307692307,0.7472527472527473,False,False
3.5,4.865384615384615,6.5,0.4017857142857143,0.2307692307692307,0.7472527472527473,False,False
3.6666666666666665,4.91025641025641,8.733333333333333,0.4087301587301587,0.2307692307692308,0.7802197802197802,False,False
3.75,4.730769230769231,11.0,0.4375,0.173076923076923,0.7472527472527473,False,False
3.75,5.0,2.333333333333333,0.4732142857142857,0.2307692307692307,0.7362637362637363,False,False
3.142857142857143,4.78021978021978,8.857142857142858,0.4110787172011662,0.2307692307692308,0.7472527472527473,False,False
3.4285714285714284,4.769230769230769,10.761904761904765,0.4139941690962099,0.2307692307692308,0.7802197802197802,False,False
3.75,5.0,7.333333333333333,0.4196428571428571,0.2307692307692307,0.7802197802197802,False,False
3.6,4.784615384615384,9.0,0.4114285714285714,0.2307692307692307,0.7472527472527473,False,False
3.6666666666666665,5.0,8.0,0.3968253968253968,0.2307692307692307,0.7802197802197802,False,False
3.4285714285714284,4.703296703296703,10.761904761904765,0.4489795918367347,0.2307692307692308,0.7472527472527473,False,False
3.333333333333333,5.0,2.8,0.4047619047619047,0.2307692307692308,0.7472527472527473,False,False
3.2857142857142856,4.703296703296703,10.666666666666666,0.3994169096209913,0.2307692307692308,0.7472527472527473,False,False
3.333333333333333,4.91025641025641,10.333333333333334,0.373015873015873,0.2307692307692308,0.7802197802197802,False,False
3.5,4.743589743589744,9.333333333333334,0.4126984126984127,0.2307692307692308,0.7472527472527473,False,False
4.0,5.0,,0.7142857142857143,0.2307692307692307,0.7142857142857143,False,False
3.75,5.0,1.0,0.4375,0.2307692307692307,0.7252747252747253,False,False
3.8,5.0,2.4,0.5314285714285714,0.2307692307692307,0.7362637362637363,False,False
3.1666666666666665,4.653846153846154,11.666666666666666,0.4206349206349206,0.2307692307692308,0.7472527472527473,False,False
3.8,4.7846153846153845,11.8,0.4228571428571429,0.2307692307692307,0.7802197802197802,False,False
3.571428571428572,4.9230769230769225,5.428571428571429,0.3994169096209913,0.2307692307692308,0.7472527472527473,False,False
3.75,4.865384615384615,11.833333333333334,0.3839285714285714,0.2307692307692307,0.7802197802197802,False,False
4.0,4.865384615384615,7.166666666666667,0.5,0.2307692307692307,0.7472527472527473,False,False
3.4,4.584615384615384,12.6,0.4971428571428572,0.2307692307692307,0.7472527472527473,False,False
3.75,4.932692307692308,7.035714285714286,0.4419642857142857,0.2307692307692307,0.7802197802197802,False,False
3.6666666666666665,4.743589743589744,9.333333333333334,0.4126984126984127,0.2307692307692308,0.7472527472527473,False,False
3.6,4.784615384615384,9.0,0.4114285714285714,0.2307692307692307,0.7472527472527473,False,False
3.4,4.8,7.6,0.4857142857142857,0.2307692307692307,0.7362637362637363,False,False
3.333333333333333,4.82051282051282,10.533333333333331,0.3928571428571428,0.2307692307692308,0.7802197802197802,False,False
3.6,5.0,6.0,0.3942857142857143,0.2307692307692307,0.7802197802197802,False,False
3.6,4.784615384615384,8.8,0.44,0.2307692307692307,0.7472527472527473,False,False
3.5,4.865384615384615,7.5,0.4553571428571428,0.2307692307692307,0.7472527472527473,False,False
3.5,4.730769230769231,8.866666666666667,0.4603174603174603,0.2307692307692308,0.7472527472527473,False,False
3.5,4.91025641025641,5.666666666666667,0.3849206349206349,0.2307692307692308,0.7472527472527473,False,False
3.25,4.865384615384615,7.166666666666667,0.4017857142857143,0.2307692307692307,0.7472527472527473,False,False
3.5,4.730769230769231,10.0,0.4375,0.2307692307692307,0.7472527472527473,False,False
3.75,5.0,2.333333333333333,0.5446428571428571,0.2307692307692307,0.7362637362637363,False,False
4.0,5.0,0.0,0.7142857142857143,0.2307692307692307,0.7142857142857143,False,False
3.6666666666666665,4.653846153846153,11.933333333333334,0.4325396825396825,0.2307692307692308,0.7472527472527473,False,False
3.75,4.865384615384615,7.166666666666667,0.5,0.2307692307692307,0.7472527472527473,False,False
3.6666666666666665,5.0,9.333333333333334,0.3968253968253968,0.2307692307692307,0.7802197802197802,False,False
3.5,4.91025641025641,5.933333333333334,0.3849206349206349,0.2307692307692308,0.7472527472527473,False,False
3.571428571428572,4.78021978021978,11.047619047619047,0.3790087463556851,0.2307692307692308,0.7802197802197802,False,False
3.5,5.0,7.333333333333333,0.3928571428571428,0.2307692307692307,0.7802197802197802,False,False
4.0,5.0,6.0,0.3214285714285714,0.1153846153846153,0.7472527472527473,False,False
3.6666666666666665,4.82051282051282,9.333333333333334,0.4603174603174603,0.2307692307692307,0.7472527472527473,False,False
3.625,5.0,4.857142857142857,0.453125,0.2307692307692307,0.7802197802197802,False,False
3.6,5.0,8.0,0.4057142857142857,0.2307692307692307,0.7802197802197802,False,False
3.5,4.82051282051282,7.733333333333333,0.4126984126984127,0.2307692307692308,0.7472527472527473,False,False
3.6,4.8,8.0,0.48,0.2307692307692307,0.7362637362637363,False,False
3.5,5.0,4.0,0.5,0.2307692307692307,0.7362637362637363,False,False
3.333333333333333,5.0,9.333333333333334,0.3968253968253968,0.2307692307692307,0.7802197802197802,False,False
3.6,5.0,6.4,0.4285714285714285,0.2307692307692307,0.7802197802197802,False,False
4.0,5.0,4.0,0.5,0.2307692307692307,0.7362637362637363,False,False
3.857142857142857,4.9230769230769225,5.142857142857143,0.4460641399416909,0.2307692307692308,0.7472527472527473,False,False
3.5,5.0,2.6666666666666665,0.5,0.2307692307692307,0.7362637362637363,False,False
4.0,5.0,4.0,0.5,0.2307692307692307,0.7362637362637363,False,False
3.5,4.653846153846153,11.533333333333331,0.4801587301587302,0.2307692307692308,0.7472527472527473,False,False
3.333333333333333,4.91025641025641,5.666666666666667,0.3849206349206349,0.2307692307692308,0.7472527472527473,False,False
3.75,5.0,3.6666666666666665,0.375,0.173076923076923,0.7472527472527473,False,False
3.4285714285714284,4.703296703296703,10.761904761904765,0.3994169096209912,0.2307692307692308,0.7472527472527473,False,False
3.5,4.730769230769231,13.0,0.4642857142857143,0.2307692307692307,0.7472527472527473,False,False
3.5,4.807692307692308,10.571428571428571,0.4017857142857143,0.2307692307692307,0.7802197802197802,False,False
4.0,4.82051282051282,9.333333333333334,0.4603174603174603,0.2307692307692307,0.7472527472527473,False,False
3.2,4.692307692307692,11.8,0.4228571428571429,0.2307692307692307,0.7472527472527473,False,False
3.571428571428572,4.769230769230768,8.476190476190476,0.4139941690962099,0.2307692307692308,0.7472527472527473,False,False
4.0,4.730769230769231,13.0,0.4642857142857143,0.2307692307692307,0.7472527472527473,False,False
3.4285714285714284,4.846153846153846,9.428571428571429,0.3702623906705539,0.2307692307692308,0.7802197802197802,False,False
3.625,4.798076923076923,7.964285714285714,0.3995535714285714,0.2307692307692307,0.7472527472527473,False,False
3.7142857142857135,4.769230769230769,10.761904761904765,0.4198250728862973,0.2307692307692308,0.7802197802197802,False,False
3.625,4.932692307692308,7.321428571428571,0.3727678571428571,0.2307692307692307,0.7802197802197802,False,False
4.0,5.0,5.333333333333333,0.3809523809523809,0.1538461538461538,0.7472527472527473,False,False
3.333333333333333,4.653846153846153,12.066666666666666,0.4246031746031746,0.2307692307692308,0.7472527472527473,False,False
3.6666666666666665,5.0,2.6666666666666665,0.5555555555555556,0.2307692307692307,0.7362637362637363,False,False
4.0,5.0,2.0,0.6071428571428571,0.2307692307692307,0.7252747252747253,False,False
3.8,4.892307692307692,10.0,0.3771428571428571,0.2307692307692307,0.7802197802197802,False,False
4.0,4.730769230769231,9.666666666666666,0.4821428571428571,0.173076923076923,0.7472527472527473,False,False
3.8,4.892307692307692,6.4,0.4628571428571429,0.2307692307692307,0.7472527472527473,False,False
3.555555555555556,4.829059829059829,9.666666666666666,0.3968253968253968,0.2307692307692307,0.7802197802197802,False,False
3.5,4.730769230769231,13.0,0.4642857142857143,0.2307692307692307,0.7472527472527473,False,False
3.5,5.0,12.0,0.4285714285714285,0.2307692307692307,0.7802197802197802,False,False
3.8333333333333335,4.833333333333333,7.666666666666667,0.4126984126984127,0.1923076923076923,0.7472527472527473,False,False
3.6,4.892307692307692,5.8,0.4,0.2307692307692307,0.7472527472527473,False,False
3.8,4.784615384615384,8.4,0.44,0.2307692307692307,0.7472527472527473,False,False
4.0,5.0,2.0,0.6071428571428571,0.2307692307692307,0.7252747252747253,False,False
3.8333333333333335,4.833333333333333,6.866666666666666,0.4325396825396825,0.2307692307692308,0.7472527472527473,False,False
3.4,4.584615384615384,13.2,0.4571428571428572,0.2307692307692307,0.7472527472527473,False,False
3.571428571428572,4.9230769230769225,5.238095238095238,0.3848396501457726,0.2307692307692308,0.7472527472527473,False,False
3.8,4.676923076923077,9.2,0.5085714285714286,0.2307692307692307,0.7472527472527473,False,False
3.1666666666666665,4.82051282051282,7.466666666666667,0.4206349206349206,0.2307692307692308,0.7472527472527473,False,False
3.75,4.865384615384615,7.5,0.4285714285714285,0.2307692307692307,0.7472527472527473,False,False
4.0,4.82051282051282,9.333333333333334,0.4603174603174603,0.2307692307692307,0.7472527472527473,False,False
3.875,4.75,10.071428571428571,0.3973214285714285,0.173076923076923,0.7472527472527473,False,False
3.333333333333333,4.564102564102565,12.4,0.5,0.2307692307692308,0.7472527472527473,False,False
3.6,4.892307692307692,9.8,0.36,0.2307692307692307,0.7802197802197802,False,False
3.25,4.615384615384615,13.428571428571429,0.3995535714285714,0.2307692307692307,0.7692307692307693,False,False
3.6666666666666665,4.91025641025641,8.733333333333333,0.4087301587301587,0.2307692307692308,0.7802197802197802,False,False
3.6,4.676923076923077,9.4,0.4971428571428571,0.2307692307692307,0.7472527472527473,False,False
3.4,4.6,10.8,0.5028571428571429,0.2307692307692307,0.7362637362637363,False,False
3.4285714285714284,4.9230769230769225,9.428571428571429,0.3848396501457726,0.2307692307692308,0.7802197802197802,False,False
3.2,4.584615384615384,14.4,0.44,0.2307692307692307,0.7692307692307693,False,False
3.875,4.807692307692308,8.928571428571429,0.4017857142857143,0.2019230769230769,0.7472527472527473,False,False
3.4285714285714284,4.703296703296703,10.952380952380953,0.4081632653061224,0.2307692307692308,0.7472527472527473,False,False
3.8,4.784615384615384,8.0,0.5085714285714286,0.2307692307692307,0.7472527472527473,False,False
3.625,4.807692307692308,10.071428571428571,0.3816964285714285,0.2307692307692307,0.7802197802197802,False,False
3.5,4.807692307692308,9.785714285714286,0.3816964285714285,0.2307692307692307,0.7802197802197802,False,False
3.8333333333333335,4.91025641025641,5.533333333333333,0.4880952380952381,0.2307692307692308,0.7472527472527473,False,False
3.6666666666666665,4.91025641025641,8.733333333333333,0.4087301587301587,0.2307692307692308,0.7802197802197802,False,False
3.333333333333333,4.653846153846153,12.066666666666666,0.4246031746031746,0.2307692307692308,0.7472527472527473,False,False
3.8333333333333335,4.730769230769231,11.533333333333331,0.4404761904761904,0.2307692307692308,0.7802197802197802,False,False
3.6666666666666665,5.0,2.6666666666666665,0.5555555555555556,0.2307692307692307,0.7362637362637363,False,False
3.5,5.0,6.0,0.3214285714285714,0.1153846153846153,0.7472527472527473,False,False
3.571428571428572,4.846153846153846,7.619047619047619,0.4198250728862973,0.2307692307692308,0.7472527472527473,False,False
3.571428571428572,5.0,5.142857142857143,0.4664723032069971,0.2307692307692308,0.7802197802197802,False,False
3.5,4.865384615384615,7.0,0.3861607142857143,0.2307692307692307,0.7472527472527473,False,False
4.0,4.730769230769231,11.0,0.5714285714285714,0.2307692307692307,0.7362637362637363,False,False
3.5,5.0,2.333333333333333,0.4732142857142857,0.2307692307692307,0.7362637362637363,False,False
3.75,5.0,7.333333333333333,0.4464285714285714,0.2307692307692307,0.7802197802197802,False,False
3.571428571428572,4.703296703296703,10.952380952380953,0.3994169096209912,0.2307692307692308,0.7472527472527473,False,False
3.5,5.0,7.333333333333333,0.3928571428571428,0.2307692307692307,0.7802197802197802,False,False
3.4,4.892307692307692,6.4,0.4342857142857143,0.2307692307692307,0.7472527472527473,False,False
4.0,5.0,2.6666666666666665,0.5079365079365079,0.2307692307692307,0.7362637362637363,False,False
3.7142857142857135,4.9230769230769225,7.714285714285714,0.4373177842565598,0.2307692307692308,0.7802197802197802,False,False
4.0,4.892307692307692,6.2,0.4628571428571429,0.2307692307692307,0.7472527472527473,False,False
3.6666666666666665,5.0,2.6666666666666665,0.5555555555555556,0.2307692307692307,0.7362637362637363,False,False
3.4444444444444446,4.88034188034188,6.444444444444445,0.3844797178130511,0.2307692307692307,0.7472527472527473,False,False
3.25,4.615384615384615,13.0,0.5,0.2307692307692307,0.7472527472527473,False,False
3.6,4.784615384615384,7.8,0.5028571428571429,0.2307692307692307,0.7362637362637363,False,False
3.75,4.865384615384615,6.833333333333333,0.4910714285714285,0.2307692307692307,0.7472527472527473,False,False
4.0,5.0,4.0,0.5,0.2307692307692307,0.7362637362637363,False,False
3.5,4.743589743589744,12.666666666666666,0.376984126984127,0.2307692307692308,0.7802197802197802,False,False
4.0,4.730769230769231,13.0,0.4642857142857143,0.1153846153846153,0.7472527472527473,False,False
3.333333333333333,4.658119658119658,12.333333333333334,0.4074074074074074,0.2307692307692307,0.7692307692307693,False,False
3.6666666666666665,4.833333333333333,6.2,0.4761904761904761,0.2307692307692308,0.7362637362637363,False,False
2.8086956521739133,4.610033444816054,11.83066361556064,0.4360745025226184,0.2207357859531772,0.8021978021978022,False,False
2.8086956521739133,4.652173913043479,10.952860411899314,0.4295342392131801,0.2247491638795987,0.8021978021978022,True,False
2.8086956521739133,4.640133779264215,11.09260106788711,0.428412757089365,0.2227424749163879,0.7802197802197802,True,False
2.8086956521739133,4.632107023411372,11.582608695652176,0.4338600817826779,0.222742474916388,0.8021978021978022,True,False
2.8086956521739133,4.621404682274248,11.755606407322654,0.4346513410341391,0.2267558528428093,0.8021978021978022,True,False
2.8086956521739133,4.635451505016722,11.389168573607932,0.4269826546862214,0.2227424749163879,0.8021978021978022,True,False
2.8086956521739133,4.644816053511706,11.07673531655225,0.4386021959924936,0.2267558528428093,0.8021978021978022,True,False
2.8086956521739133,4.684949832775919,10.177269260106788,0.4314654144398239,0.2227424749163879,0.7802197802197802,True,False
2.8086956521739133,4.672909698996654,10.811289092295958,0.4190428500939025,0.2167224080267558,0.8021978021978022,True,False
2.8086956521739133,4.640133779264215,11.409610983981691,0.4364605940690602,0.2227424749163879,0.8021978021978022,True,False
2.8086956521739133,4.667558528428093,10.907704042715483,0.4192766224434683,0.2247491638795986,0.8021978021978022,True,False
2.8086956521739133,4.631438127090301,11.455072463768117,0.4359386964704279,0.2187290969899665,0.8021978021978022,True,False
2.8086956521739133,4.645484949832777,11.159725400457663,0.4338139203642251,0.2227424749163879,0.7802197802197802,True,False
2.8086956521739133,4.635451505016722,11.307704042715484,0.4261256306288222,0.2187290969899666,0.8021978021978022,True,False
2.8086956521739133,4.666220735785952,10.832341723874904,0.4158462472696417,0.2207357859531772,0.8021978021978022,True,False
2.8086956521739133,4.649498327759198,11.016628527841345,0.4248800175080357,0.2207357859531772,0.8021978021978022,True,False
2.8086956521739133,4.644816053511706,11.281464530892448,0.4209659464174189,0.2207357859531772,0.7802197802197802,True,False
2.8086956521739133,4.667558528428093,10.639816933638444,0.4271145669782567,0.2227424749163879,0.7802197802197802,True,False
2.8086956521739133,4.646822742474916,10.79206712433257,0.4424590486596885,0.2247491638795987,0.8021978021978022,True,False
2.8086956521739133,4.672240802675586,10.78321891685736,0.4191506224650189,0.2207357859531772,0.7802197802197802,True,False
2.8086956521739133,4.645484949832777,11.43768115942029,0.426065142484183,0.2207357859531772,0.8021978021978022,True,False
2.8086956521739133,4.632107023411371,11.498703279938978,0.4254435747766565,0.2247491638795986,0.8021978021978022,True,False
2.8086956521739133,4.602006688963211,11.946605644546148,0.4415341644185354,0.2267558528428093,0.8021978021978022,True,False
2.8086956521739133,4.640802675585284,11.144774980930586,0.4312138735722668,0.2247491638795986,0.8021978021978022,True,False
2.8086956521739133,4.613377926421403,11.76933638443936,0.4215361006616944,0.2207357859531772,0.7802197802197802,True,False
2.8086956521739133,4.644816053511706,11.1627765064836,0.4224037535884265,0.222742474916388,0.8021978021978022,True,False
2.8086956521739133,4.666220735785953,10.81952707856598,0.4234975176379305,0.2247491638795986,0.8021978021978022,True,False
2.8086956521739133,4.652173913043479,10.97391304347826,0.4247508731725987,0.2247491638795987,0.7802197802197802,True,False
2.8086956521739133,4.694314381270902,10.264836003051109,0.4135784488902724,0.2207357859531772,0.8021978021978022,True,False
2.8086956521739133,4.675585284280936,10.846376811594205,0.4083285888587504,0.2227424749163879,0.8021978021978022,True,False
2.8086956521739133,4.683612040133779,10.585812356979403,0.4112328841579281,0.2207357859531772,0.8021978021978022,True,False
2.8086956521739133,4.610702341137123,11.816933638443937,0.4307197773638546,0.2187290969899666,0.8021978021978022,True,False
2.8086956521739133,4.676923076923076,10.341723874904654,0.4373679140290067,0.2227424749163879,0.7802197802197802,True,False
2.8086956521739133,4.605351170568561,11.862090007627764,0.4451758437241855,0.2227424749163879,0.8021978021978022,True,False
2.8086956521739133,4.635451505016722,11.55636918382914,0.4236510558179523,0.222742474916388,0.8021978021978022,True,False
2.8086956521739133,4.697658862876254,10.178794813119756,0.4155957543594337,0.2227424749163879,0.7802197802197802,True,False
2.8086956521739133,4.648829431438126,11.284515636918384,0.4184498262578052,0.2247491638795987,0.8021978021978022,True,False
2.8086956521739133,4.632107023411371,11.63630816170862,0.4290463821735824,0.2187290969899666,0.8021978021978022,True,False
2.8086956521739133,4.667558528428093,10.802745995423342,0.4208838298855864,0.2187290969899665,0.7802197802197802,True,False
2.8086956521739133,4.676254180602006,10.746300533943554,0.4171319992582423,0.2187290969899665,0.7802197802197802,True,False
2.8086956521739133,4.7384615384615385,9.298245614035087,0.4129429442009494,0.2187290969899665,0.8021978021978022,True,False
2.8086956521739133,4.65953177257525,11.03768115942029,0.4217602899891081,0.2247491638795986,0.7802197802197802,True,False
2.8086956521739133,4.653511705685619,11.18840579710145,0.4186534128511333,0.2187290969899665,0.7802197802197802,True,False
2.8086956521739133,4.616053511705685,11.630511060259344,0.4406037415884959,0.2247491638795987,0.8021978021978022,True,False
2.8086956521739133,4.641471571906354,11.151792524790237,0.4308757375812762,0.2247491638795987,0.8021978021978022,True,False
2.8086956521739133,4.653511705685619,11.275667429443171,0.4166523687383013,0.2267558528428093,0.8021978021978022,True,False
2.8086956521739133,4.618729096989967,11.596338672768878,0.4278120840189552,0.2187290969899665,0.8021978021978022,True,False
2.8086956521739133,4.623411371237458,11.95026697177727,0.4217621062823734,0.2227424749163879,0.8021978021978022,True,False
2.8086956521739133,4.670234113712374,10.679786422578184,0.4204381632729499,0.2247491638795986,0.7802197802197802,True,False
2.8086956521739133,4.65819397993311,10.704805491990848,0.4354012165358509,0.2247491638795986,0.8021978021978022,True,False
2.8086956521739133,4.649498327759198,11.010526315789471,0.4217428919921443,0.2227424749163879,0.7802197802197802,True,False
2.8086956521739133,4.635451505016722,11.31899313501144,0.419727913123438,0.2187290969899665,0.8021978021978022,True,False
2.8086956521739133,4.68628762541806,10.422273073989322,0.4251940222685353,0.2207357859531772,0.8021978021978022,True,False
2.8086956521739133,4.666889632107023,10.868039664378337,0.4187350302679438,0.2207357859531772,0.7802197802197802,True,False
2.8086956521739133,4.65685618729097,10.961098398169336,0.4251552371938856,0.2227424749163879,0.7802197802197802,True,False
2.8086956521739133,4.630769230769231,11.307093821510298,0.4378784385040676,0.2247491638795987,0.8021978021978022,True,False
2.8086956521739133,4.644147157190636,11.14050343249428,0.4187043837498099,0.2207357859531772,0.8021978021978022,True,False
2.8086956521739133,4.632775919732441,11.646071700991609,0.4293086574390616,0.2187290969899666,0.8021978021978022,True,False
2.8086956521739133,4.631438127090301,11.526773455377574,0.425882067530666,0.2207357859531772,0.8021978021978022,True,False
2.8086956521739133,4.667558528428093,10.719755911517924,0.4249372252840186,0.2247491638795986,0.8021978021978022,True,False
2.8086956521739133,4.622073578595318,11.569488939740657,0.4352527184246639,0.2247491638795986,0.7802197802197802,True,False
2.8086956521739133,4.641471571906354,11.26742944317315,0.4359140005414804,0.2247491638795986,0.8021978021978022,True,False
2.8086956521739133,4.622073578595317,11.60884820747521,0.4325593363695734,0.2227424749163879,0.7802197802197802,True,False
2.8086956521739133,4.668227424749164,11.147520976353928,0.4074466284196455,0.2167224080267558,0.8021978021978022,True,False
2.8086956521739133,4.675585284280936,10.625781845919146,0.422144005421972,0.2207357859531772,0.8021978021978022,True,False
2.8086956521739133,4.628093645484951,11.983829138062548,0.4119158255094049,0.2127090301003344,0.8021978021978022,True,False
2.8086956521739133,4.640133779264215,10.95438596491228,0.4379668211752477,0.2247491638795986,0.8021978021978022,True,False
2.8086956521739133,4.62742474916388,11.484973302822272,0.4322563724886724,0.2227424749163879,0.8021978021978022,True,False
2.8086956521739133,4.636120401337793,11.417238749046527,0.4298448111202684,0.2227424749163879,0.8021978021978022,True,False
2.8086956521739133,4.667558528428094,10.511060259344012,0.4368001163988471,0.2187290969899666,0.7802197802197802,True,False
2.8086956521739133,4.676254180602007,10.737757437070938,0.4262885944588591,0.2207357859531772,0.8021978021978022,True,False
2.8086956521739133,4.6066889632107015,11.776659038901602,0.4320607782735357,0.2207357859531772,0.8021978021978022,True,False
2.8086956521739133,4.6575250836120405,11.000152555301296,0.4168014612527073,0.2187290969899666,0.8021978021978022,True,False
2.8086956521739133,4.6347826086956525,11.280854309687262,0.4223866476453574,0.2207357859531772,0.7802197802197802,True,False
2.8086956521739133,4.671571906354515,10.857055682684972,0.416276824072585,0.2207357859531772,0.8021978021978022,True,False
2.8086956521739133,4.644816053511706,10.926315789473684,0.4429736904859568,0.2267558528428093,0.8021978021978022,True,False
2.8086956521739133,4.646153846153847,11.447139588100686,0.4220375747705526,0.2207357859531772,0.8021978021978022,True,False
2.8086956521739133,4.684949832775919,10.673684210526316,0.4193869702030134,0.2227424749163879,0.7802197802197802,True,False
2.8086956521739133,4.624080267558528,11.394660564454616,0.4460621652658605,0.2227424749163879,0.8021978021978022,True,False
2.8086956521739133,4.648160535117056,10.987337909992371,0.4209683878718119,0.2207357859531772,0.7802197802197802,True,False
2.8086956521739133,4.646153846153845,11.082532418001524,0.4272014112628928,0.2227424749163879,0.7802197802197802,True,False
2.8086956521739133,4.643478260869565,11.19023646071701,0.4231074071823665,0.2207357859531772,0.7802197802197802,True,False
2.8086956521739133,4.62742474916388,11.36231884057971,0.429410796853971,0.2247491638795987,0.7802197802197802,True,False
2.8086956521739133,4.676254180602006,10.615102974828377,0.4203671839164046,0.2207357859531772,0.8021978021978022,True,False
2.8086956521739133,4.663545150501672,10.94614797864226,0.4138230961694402,0.2187290969899666,0.8021978021978022,True,False
2.8086956521739133,4.637458193979933,11.412356979405034,0.4291222714893773,0.2247491638795987,0.8021978021978022,True,False
2.8086956521739133,4.697658862876255,10.333180778032036,0.4172276340931435,0.2247491638795986,0.8021978021978022,True,False
2.8086956521739133,4.636120401337793,11.609458428680396,0.4157861745546077,0.2207357859531772,0.7802197802197802,True,False
2.8086956521739133,4.624080267558528,11.964302059496568,0.4215308741707511,0.2207357859531772,0.8021978021978022,True,False
2.8086956521739133,4.648829431438126,10.888176964149505,0.4301879171447007,0.2227424749163879,0.7802197802197802,True,False
2.8086956521739133,4.672240802675584,10.671853546910755,0.417276117866699,0.2227424749163879,0.7802197802197802,True,False
2.8086956521739133,4.674916387959866,10.72189168573608,0.425650380557335,0.2207357859531772,0.8021978021978022,True,False
2.8086956521739133,4.645484949832776,11.28604118993135,0.4272605089991548,0.2267558528428093,0.8021978021978022,True,False
2.8086956521739133,4.715719063545151,10.172692601067888,0.4134816778610345,0.2187290969899665,0.8021978021978022,True,False
2.8086956521739133,4.618060200668896,11.425476735316552,0.4413745578418902,0.2207357859531772,0.8021978021978022,True,False
2.8086956521739133,4.662876254180603,10.537604881769642,0.4425711619279684,0.2247491638795987,0.8021978021978022,True,False
2.8086956521739133,4.662876254180603,10.957742181540809,0.4221793678442562,0.2187290969899666,0.7802197802197802,True,False
2.8086956521739133,4.676254180602006,10.86132723112128,0.4135411344570223,0.2207357859531772,0.8021978021978022,True,False
2.8086956521739133,4.65819397993311,10.937909992372235,0.4230584405288708,0.2227424749163879,0.8021978021978022,True,False
2.8086956521739133,4.68561872909699,10.572692601067889,0.4234811858020337,0.2227424749163879,0.8021978021978022,True,False
2.8086956521739133,4.654180602006689,11.063615560640732,0.4172033500242101,0.2207357859531772,0.7802197802197802,True,False
2.8086956521739133,4.639464882943144,11.585354691075516,0.4244440185025228,0.2167224080267558,0.7802197802197802,True,False
2.8086956521739133,4.675585284280936,10.608695652173912,0.42055196761956,0.2227424749163879,0.7802197802197802,True,False
2.8086956521739133,4.639464882943144,11.35530129672006,0.4199373691811428,0.2207357859531772,0.8021978021978022,True,False
2.8086956521739133,4.6635451505016725,11.06147978642258,0.4138619685396255,0.2167224080267558,0.8021978021978022,True,False
2.8086956521739133,4.649498327759197,11.292448512585812,0.4289138392181818,0.2247491638795986,0.8021978021978022,True,False
2.8086956521739133,4.662207357859532,11.023951182303586,0.4154564773368495,0.2207357859531772,0.7802197802197802,True,False
2.8086956521739133,4.604013377926421,11.670480549199084,0.4451030616171055,0.2227424749163879,0.7802197802197802,True,False
2.8086956521739133,4.697658862876255,10.249580472921432,0.4120831771569372,0.2207357859531772,0.8021978021978022,True,False
2.8086956521739133,4.6695652173913045,10.65019069412662,0.4243011648481589,0.2227424749163879,0.7802197802197802,True,False
2.8086956521739133,4.648829431438127,11.030358504958048,0.4294397863649813,0.2247491638795986,0.8021978021978022,True,False
2.8086956521739133,4.6635451505016725,10.534553775743706,0.4347440517853517,0.2227424749163879,0.7802197802197802,True,False
2.8086956521739133,4.662876254180603,11.03066361556064,0.4141956217060576,0.2207357859531772,0.7802197802197802,True,False
2.8086956521739133,4.674916387959866,10.590083905415714,0.4191840814581375,0.2247491638795986,0.8021978021978022,True,False
2.8086956521739133,4.637458193979934,11.131655225019069,0.445655285315322,0.2247491638795986,0.8021978021978022,True,False
2.8086956521739133,4.697658862876255,10.270938215102976,0.406506239678373,0.2167224080267558,0.7802197802197802,True,False
2.8086956521739133,4.662876254180602,10.997406559877955,0.4129168912313677,0.2147157190635451,0.8021978021978022,True,False
2.8086956521739133,4.646153846153846,10.976964149504196,0.4407251529895988,0.2247491638795987,0.8021978021978022,True,False
2.8086956521739133,4.612709030100334,11.926773455377576,0.4223393358099714,0.222742474916388,0.7802197802197802,True,False
2.8086956521739133,4.662207357859531,10.882379862700228,0.412920624447731,0.2187290969899666,0.8021978021978022,True,False
2.8086956521739133,4.671571906354515,10.663005339435545,0.4193641335357516,0.2227424749163879,0.7802197802197802,True,False
2.8086956521739133,4.640802675585284,11.174370709382153,0.4209036254284436,0.2207357859531772,0.8021978021978022,True,False
2.8086956521739133,4.658193979933111,10.869870327993898,0.4197896569100576,0.2227424749163879,0.7802197802197802,True,False
2.8086956521739133,4.676254180602006,10.368573607932875,0.4238854207784244,0.2227424749163879,0.7802197802197802,True,False
2.8086956521739133,4.644816053511706,11.12738367658276,0.4276967440322393,0.2227424749163879,0.8021978021978022,True,False
2.8086956521739133,4.623411371237458,11.847749809305874,0.4220916411897256,0.2227424749163879,0.8021978021978022,True,False
2.8086956521739133,4.587290969899665,12.23676582761251,0.4429336440782419,0.2267558528428093,0.8021978021978022,True,False
2.8086956521739133,4.702341137123746,10.265446224256292,0.4204793628507666,0.2207357859531772,0.8021978021978022,True,False
2.8086956521739133,4.666220735785953,11.23996948893974,0.4139831613913283,0.2207357859531772,0.8021978021978022,True,False
2.8086956521739133,4.624749163879598,11.44836003051106,0.4406582922630299,0.2227424749163879,0.8021978021978022,True,False
2.8086956521739133,4.684949832775921,10.394508009153318,0.4214223056206351,0.2207357859531772,0.7802197802197802,True,False
2.8086956521739133,4.670903010033445,10.679176201372998,0.4272430747510443,0.2247491638795986,0.8021978021978022,True,False
2.8086956521739133,4.612709030100334,11.83340961098398,0.4166420011062185,0.2207357859531772,0.8021978021978022,True,False
2.8086956521739133,4.632775919732441,11.043478260869565,0.4352921969301591,0.2247491638795986,0.7802197802197802,True,False
2.8086956521739133,4.65484949832776,11.0883295194508,0.4251204019490814,0.2207357859531772,0.8021978021978022,True,False
2.8086956521739133,4.667558528428094,10.581540808543098,0.4374787825439384,0.2247491638795987,0.7802197802197802,True,False
2.8086956521739133,4.640133779264215,11.455682684973302,0.415443241701861,0.2227424749163879,0.8021978021978022,True,False
2.8086956521739133,4.65819397993311,10.8418001525553,0.4269885106425068,0.2227424749163879,0.8021978021978022,True,False
2.8086956521739133,4.6,12.089397406559875,0.4285055174513769,0.2227424749163879,0.8021978021978022,True,False
2.8086956521739133,4.643478260869565,11.16369183829138,0.4304774794359491,0.2187290969899666,0.8021978021978022,True,False
2.8086956521739133,4.643478260869565,11.073379099923722,0.4403809144336914,0.2247491638795986,0.7802197802197802,True,False
2.8086956521739133,4.609364548494983,12.16659038901602,0.4222938589605364,0.2227424749163879,0.8021978021978022,True,False
2.8086956521739133,4.622742474916389,11.592982456140351,0.4274787818112099,0.222742474916388,0.8021978021978022,True,False
2.8086956521739133,4.663545150501672,10.785354691075517,0.4234008413622363,0.2247491638795986,0.7802197802197802,True,False
2.8086956521739133,4.672240802675585,10.503127383676585,0.4328041961773348,0.2247491638795986,0.7802197802197802,True,False
2.8086956521739133,4.676923076923076,10.518688024408847,0.4192938353578038,0.2227424749163879,0.8021978021978022,True,False
2.8086956521739133,4.63010033444816,11.554538520213578,0.4275026767733688,0.2187290969899666,0.8021978021978022,True,False
2.8086956521739133,4.628093645484951,11.711670480549198,0.4238776238098518,0.2207357859531772,0.8021978021978022,True,False
2.8086956521739133,4.619397993311036,11.414797864225784,0.4468082295746995,0.2247491638795986,0.8021978021978022,True,False
2.8086956521739133,4.642809364548494,11.175286041189931,0.4418508985577179,0.2207357859531772,0.8021978021978022,True,False
2.8086956521739133,4.644816053511706,11.045308924485123,0.4292402768680485,0.2247491638795986,0.7802197802197802,True,False
2.8086956521739133,4.652842809364548,11.076430205949658,0.4292235895674769,0.2247491638795987,0.7802197802197802,True,False
2.8086956521739133,4.667558528428093,10.797559115179252,0.4195739923140804,0.2147157190635451,0.7802197802197802,True,False
2.8086956521739133,4.653511705685619,11.211289092295956,0.4207825158655144,0.2207357859531772,0.8021978021978022,True,False
2.8086956521739133,4.644816053511706,11.236613272311212,0.4334657933859474,0.2247491638795986,0.8021978021978022,True,False
2.8086956521739133,4.65819397993311,11.318688024408848,0.4066459170178622,0.2207357859531772,0.8021978021978022,True,False
2.8086956521739133,4.6575250836120405,10.714263920671243,0.4245822703543589,0.2227424749163879,0.7802197802197802,True,False
2.8086956521739133,4.636789297658863,11.21678108314264,0.429461723594818,0.2227424749163879,0.7802197802197802,True,False
2.8086956521739133,4.622073578595318,11.56186117467582,0.4122733606173488,0.2227424749163879,0.7802197802197802,True,False
2.8086956521739133,4.62742474916388,11.678413424866514,0.4380612520460519,0.2187290969899666,0.8021978021978022,True,False
2.8086956521739133,4.680267558528429,10.492753623188406,0.4148211129493568,0.2207357859531772,0.7802197802197802,True,False
2.8086956521739133,4.6,12.077803203661327,0.4276670339468814,0.2207357859531772,0.8021978021978022,True,False
2.8086956521739133,4.60133779264214,11.600610221205187,0.4433848342542424,0.2247491638795987,0.7802197802197802,True,False
2.8086956521739133,4.65484949832776,10.79298245614035,0.4345051171751765,0.2227424749163879,0.7802197802197802,True,False
2.8086956521739133,4.654180602006689,11.19023646071701,0.4280572021375388,0.2227424749163879,0.8021978021978022,True,False
2.8086956521739133,4.609364548494983,11.723874904652936,0.4348355899036633,0.2267558528428093,0.7802197802197802,True,False
2.8086956521739133,4.645484949832776,10.908924485125858,0.4516702814938924,0.2267558528428093,0.7802197802197802,True,False
2.8086956521739133,4.703010033444816,10.100686498855834,0.4150386995645235,0.2227424749163879,0.8021978021978022,True,False
2.8086956521739133,4.640802675585284,11.214035087719298,0.4243762824608537,0.2247491638795986,0.8021978021978022,True,False
2.8086956521739133,4.628093645484951,11.358352402745997,0.4366408434111213,0.2247491638795986,0.8021978021978022,True,False
2.8086956521739133,4.6749163879598665,10.717009916094584,0.4083518239207089,0.2167224080267558,0.7802197802197802,True,False
2.8086956521739133,4.68561872909699,10.53302822273074,0.4235346940947488,0.2207357859531772,0.7802197802197802,True,False
2.8086956521739133,4.635451505016722,11.395575896262397,0.4218944921016706,0.2207357859531772,0.7802197802197802,True,False
2.8086956521739133,4.637458193979933,11.233867276887873,0.4292094230459194,0.2207357859531772,0.7802197802197802,True,False
2.8086956521739133,4.652173913043479,10.928146453089244,0.4211947547042248,0.2207357859531772,0.8021978021978022,True,False
2.8086956521739133,4.666220735785952,10.911060259344012,0.416950015719479,0.2247491638795986,0.8021978021978022,True,False
2.8086956521739133,4.661538461538462,10.821967963386728,0.4255243708459044,0.2207357859531772,0.7802197802197802,True,False
2.8086956521739133,4.668227424749164,10.660564454614798,0.425144464126859,0.222742474916388,0.8021978021978022,True,False
2.8086956521739133,4.665551839464883,10.898550724637682,0.4221518774882694,0.2207357859531772,0.8021978021978022,True,False
2.8086956521739133,4.614715719063544,11.548436308161708,0.4369730619037954,0.2267558528428093,0.8021978021978022,True,False
2.8086956521739133,4.656187290969899,10.792677345537758,0.4334778149813954,0.2227424749163879,0.7802197802197802,True,False
2.8086956521739133,4.662876254180603,11.030358504958048,0.4183477966910723,0.2207357859531772,0.8021978021978022,True,False
2.8086956521739133,4.632775919732441,11.102974828375286,0.4385865469563871,0.2247491638795986,0.8021978021978022,True,False
2.8086956521739133,4.662876254180603,10.868649885583524,0.422729356497697,0.2187290969899666,0.8021978021978022,True,False
2.8086956521739133,4.604682274247492,11.765675057208238,0.4438685844074154,0.2247491638795987,0.7802197802197802,True,False
2.8086956521739133,4.631438127090301,11.35865751334859,0.4274139728807068,0.2267558528428093,0.8021978021978022,True,False
2.8086956521739133,4.648160535117057,11.260717009916094,0.4235533071318341,0.2227424749163879,0.8021978021978022,True,False
2.8086956521739133,4.668227424749164,10.927841342486651,0.4247308154811455,0.2187290969899665,0.8021978021978022,True,False
2.8086956521739133,4.637458193979931,11.33211289092296,0.4259772043715221,0.2207357859531772,0.7802197802197802,True,False
2.8086956521739133,4.636120401337793,11.423646071700992,0.423330281204957,0.2227424749163879,0.8021978021978022,True,False
2.8086956521739133,4.702341137123746,9.894126620900076,0.4323399027532683,0.2247491638795986,0.8021978021978022,True,False
