mean_RCQ,mean_error_RCQ,mean_WWD,mean_error_WWD,mean_RD,mean_WSP,mean_SQ,mean_error_SQ,skill_diversity,skill_coverage,day_coverage,control
3.4285714285714284,0.6530612244897959,4.78021978021978,0.3139717425431711,8.571428571428571,0.2307692307692308,2.4285714285714284,1.2244897959183674,0.5882352941176471,10,0.7472527472527473,False
3.7142857142857144,0.4081632653061224,4.846153846153846,0.2197802197802199,9.619047619047619,0.2307692307692308,2.142857142857143,0.7755102040816324,0.5333333333333333,8,0.7802197802197802,False
3.5,0.625,4.9326923076923075,0.11778846153846168,6.964285714285714,0.23076923076923078,2.5,1.125,0.55,11,0.7802197802197802,False
3.5,0.5,4.730769230769231,0.26923076923076916,13.0,0.23076923076923078,3.0,1.0,1.0,6,0.7472527472527473,False
3.7142857142857144,0.4081632653061224,4.703296703296703,0.33908948194662486,10.761904761904763,0.2307692307692308,3.0,1.1428571428571428,0.5238095238095238,11,0.7472527472527473,False
4.0,0.0,4.0,0.0,,0.23076923076923078,2.0,0.0,1.0,2,0.5714285714285714,False
3.6,0.48,4.892307692307692,0.17230769230769258,6.2,0.23076923076923078,3.4,0.72,0.5882352941176471,10,0.7472527472527473,False
3.8,0.3200000000000001,4.792307692307692,0.2907692307692308,10.688888888888888,0.2076923076923077,2.7,1.2999999999999996,0.48148148148148145,13,0.7802197802197802,False
3.8,0.3200000000000001,5.0,0.0,6.4,0.23076923076923078,2.8,1.04,0.7857142857142857,11,0.7802197802197802,False
3.75,0.375,5.0,0.0,2.6666666666666665,0.23076923076923078,3.75,0.375,0.6666666666666666,10,0.7362637362637363,False
3.8333333333333335,0.2777777777777777,4.743589743589744,0.34188034188034183,9.6,0.2307692307692308,2.8333333333333335,1.222222222222222,0.5882352941176471,10,0.7472527472527473,False
3.6666666666666665,0.4444444444444445,5.0,0.0,2.6666666666666665,0.23076923076923075,4.0,0.0,0.6666666666666666,8,0.7362637362637363,False
3.8333333333333335,0.2777777777777777,5.0,0.0,6.133333333333334,0.19230769230769232,2.3333333333333335,1.1111111111111114,0.5714285714285714,8,0.7802197802197802,False
3.8,0.3200000000000001,4.692307692307692,0.36923076923076936,14.8,0.23076923076923078,3.0,1.2,0.6,9,0.7802197802197802,False
4.0,0.0,5.0,0.0,,0.23076923076923078,2.0,0.0,1.0,2,0.7142857142857143,False
4.0,0.0,5.0,0.0,6.0,0.11538461538461539,2.5,1.5,0.8,4,0.7472527472527473,False
3.8333333333333335,0.2777777777777777,4.91025641025641,0.14957264957264993,6.866666666666666,0.19230769230769232,2.6666666666666665,1.0,0.6875,11,0.7472527472527473,False
3.375,0.78125,4.798076923076923,0.25240384615384603,10.035714285714286,0.23076923076923078,2.125,0.9375,0.5882352941176471,10,0.7802197802197802,False
3.6,0.5600000000000002,4.892307692307692,0.17230769230769258,8.044444444444444,0.2076923076923077,2.3,1.0200000000000002,0.4782608695652174,11,0.7802197802197802,False
3.8,0.3200000000000001,5.0,0.0,6.6,0.18461538461538463,2.6,1.28,0.7692307692307693,10,0.7802197802197802,False
3.8333333333333335,0.2777777777777777,4.653846153846153,0.3461538461538461,11.666666666666666,0.2307692307692308,3.0,1.3333333333333333,0.6111111111111112,11,0.7472527472527473,False
3.6,0.48,4.692307692307692,0.36923076923076936,11.2,0.23076923076923078,3.4,1.1199999999999999,0.5882352941176471,10,0.7472527472527473,False
3.8,0.3200000000000001,5.0,0.0,6.2,0.23076923076923078,3.0,1.2,0.6,9,0.7802197802197802,False
3.75,0.375,5.0,0.0,4.0,0.17307692307692307,3.0,1.0,0.8333333333333334,10,0.7472527472527473,False
3.5,0.6666666666666666,5.0,0.0,5.6,0.2307692307692308,2.3333333333333335,1.1111111111111114,0.5714285714285714,8,0.7802197802197802,False
3.8,0.3200000000000001,4.692307692307692,0.36923076923076936,14.8,0.18461538461538463,2.4,0.8800000000000001,0.8333333333333334,10,0.7802197802197802,False
3.3333333333333335,0.7407407407407405,4.88034188034188,0.1861348528015197,8.333333333333334,0.23076923076923078,2.3333333333333335,1.1111111111111114,0.5714285714285714,12,0.7802197802197802,False
3.8333333333333335,0.2777777777777777,4.91025641025641,0.14957264957264993,8.866666666666667,0.2307692307692308,3.0,1.0,0.5555555555555556,10,0.7802197802197802,False
4.0,0.0,5.0,0.0,,0.23076923076923078,3.0,0.0,1.0,3,0.7142857142857143,False
3.8,0.3200000000000001,4.692307692307692,0.36923076923076936,14.8,0.18461538461538463,2.6,1.1199999999999999,0.6923076923076923,9,0.7802197802197802,False
3.625,0.5625,4.8076923076923075,0.28846153846153855,10.0,0.23076923076923078,2.375,1.375,0.5263157894736842,10,0.7802197802197802,False
3.7,0.47999999999999987,4.892307692307692,0.17230769230769258,8.088888888888889,0.2076923076923077,2.5,1.2,0.44,11,0.7802197802197802,False
3.5714285714285716,0.4897959183673469,5.0,0.0,4.666666666666667,0.2307692307692308,2.857142857142857,1.0204081632653064,0.5,10,0.7802197802197802,False
3.8333333333333335,0.2777777777777777,4.743589743589744,0.34188034188034183,13.066666666666666,0.19230769230769232,2.6666666666666665,1.0,0.6875,11,0.7802197802197802,False
3.7142857142857144,0.4081632653061224,4.846153846153846,0.2197802197802199,7.904761904761905,0.19780219780219782,2.142857142857143,0.7755102040816324,0.5333333333333333,8,0.7472527472527473,False
3.5714285714285716,0.6122448979591836,4.703296703296703,0.33908948194662486,10.285714285714286,0.2307692307692308,2.5714285714285716,1.346938775510204,0.5,9,0.7472527472527473,False
3.5714285714285716,0.6122448979591836,4.9230769230769225,0.1318681318681323,7.714285714285714,0.2307692307692308,2.2857142857142856,0.9795918367346939,0.5625,9,0.7802197802197802,False
4.0,0.0,5.0,0.0,,0.0,2.0,0.0,1.0,2,0.7142857142857143,False
3.75,0.375,5.0,0.0,4.333333333333333,0.17307692307692307,3.25,1.125,0.6153846153846154,8,0.7472527472527473,False
3.8,0.3200000000000001,4.692307692307692,0.36923076923076936,12.2,0.18461538461538463,3.0,0.8,0.8,12,0.7472527472527473,False
3.8,0.3200000000000001,4.892307692307692,0.17230769230769258,6.2,0.23076923076923078,3.2,0.64,0.6875,11,0.7472527472527473,False
3.5714285714285716,0.6122448979591836,4.78021978021978,0.3139717425431711,8.952380952380953,0.2307692307692308,2.4285714285714284,1.2244897959183674,0.6470588235294118,11,0.7472527472527473,False
3.75,0.375,5.0,0.0,7.333333333333333,0.23076923076923078,2.5,1.0,0.8,8,0.7802197802197802,False
3.75,0.375,5.0,0.0,6.666666666666667,0.23076923076923078,2.5,1.0,0.9,9,0.7802197802197802,False
3.5714285714285716,0.4897959183673469,5.0,0.0,3.0476190476190474,0.19780219780219782,2.857142857142857,1.0204081632653061,0.55,11,0.7472527472527473,False
3.6666666666666665,0.4444444444444445,5.0,0.0,3.066666666666667,0.19230769230769232,3.5,1.0,0.5714285714285714,12,0.7472527472527473,False
4.0,0.0,5.0,0.0,7.333333333333333,0.17307692307692307,2.25,1.25,0.7777777777777778,7,0.7802197802197802,False
4.0,0.0,5.0,0.0,,0.23076923076923078,1.0,0.0,1.0,1,0.7142857142857143,False
3.857142857142857,0.24489795918367344,5.0,0.0,5.714285714285714,0.19780219780219782,2.5714285714285716,1.2244897959183674,0.5,9,0.7802197802197802,False
3.75,0.375,4.865384615384615,0.2019230769230771,7.5,0.23076923076923078,3.75,0.875,0.7333333333333333,11,0.7472527472527473,False
3.4,0.48,5.0,0.0,1.6,0.23076923076923078,3.0,0.8,0.6,9,0.7362637362637363,False
4.0,0.0,4.0,0.0,,0.0,4.0,0.0,1.0,4,0.5714285714285714,False
3.857142857142857,0.24489795918367344,4.703296703296703,0.33908948194662486,10.761904761904763,0.2307692307692308,2.7142857142857144,1.1020408163265307,0.5789473684210527,11,0.7472527472527473,False
3.5,0.625,4.865384615384615,0.2019230769230771,7.428571428571429,0.20192307692307693,2.0,0.75,0.5,8,0.7472527472527473,False
3.25,0.75,4.8076923076923075,0.28846153846153855,7.714285714285714,0.23076923076923078,2.25,1.25,0.5555555555555556,10,0.7472527472527473,False
3.6666666666666665,0.4444444444444445,5.0,0.0,8.666666666666666,0.23076923076923075,3.0,1.3333333333333333,0.8888888888888888,8,0.7802197802197802,False
3.6666666666666665,0.4444444444444445,4.743589743589744,0.34188034188034183,10.533333333333333,0.19230769230769232,3.1666666666666665,0.8333333333333334,0.6842105263157895,13,0.7472527472527473,False
4.0,0.0,4.487179487179487,0.34188034188034183,17.333333333333332,0.15384615384615385,2.3333333333333335,0.4444444444444445,0.8571428571428571,6,0.7472527472527473,False
3.5,0.6666666666666666,4.833333333333333,0.27777777777777796,7.266666666666667,0.2307692307692308,3.3333333333333335,1.222222222222222,0.6,12,0.7472527472527473,False
3.8333333333333335,0.2777777777777777,4.743589743589744,0.34188034188034183,10.133333333333333,0.2307692307692308,3.0,1.0,0.5555555555555556,10,0.7472527472527473,False
3.857142857142857,0.24489795918367344,4.846153846153846,0.2197802197802199,7.809523809523809,0.19780219780219782,2.4285714285714284,1.0612244897959184,0.5294117647058824,9,0.7472527472527473,False
3.7777777777777777,0.34567901234567905,4.769230769230769,0.3076923076923077,11.11111111111111,0.23076923076923078,2.888888888888889,1.2345679012345678,0.5,13,0.7802197802197802,False
3.7777777777777777,0.3950617283950618,4.94017094017094,0.10636277302943951,7.055555555555555,0.20512820512820515,2.4444444444444446,1.1604938271604939,0.45454545454545453,10,0.7802197802197802,False
3.75,0.375,4.865384615384615,0.2019230769230771,11.5,0.23076923076923078,2.75,1.25,0.6363636363636364,7,0.7802197802197802,False
3.5,0.5,4.865384615384615,0.2019230769230771,7.5,0.23076923076923078,3.5,0.75,0.7142857142857143,10,0.7472527472527473,False
4.0,0.0,4.0,0.0,,0.23076923076923078,3.0,0.0,1.0,3,0.5714285714285714,False
3.8,0.3200000000000001,4.892307692307692,0.17230769230769258,10.0,0.23076923076923078,3.0,1.2,0.5333333333333333,8,0.7802197802197802,False
3.75,0.375,4.740384615384615,0.32451923076923084,9.892857142857142,0.23076923076923078,3.125,1.125,0.52,13,0.7472527472527473,False
3.857142857142857,0.24489795918367344,4.9230769230769225,0.1318681318681323,8.380952380952381,0.19780219780219782,2.4285714285714284,1.0612244897959184,0.6470588235294118,11,0.7802197802197802,False
3.8,0.3200000000000001,4.892307692307692,0.17230769230769258,10.0,0.23076923076923078,2.8,1.04,0.6428571428571429,9,0.7802197802197802,False
3.4285714285714284,0.6530612244897959,5.0,0.0,4.9523809523809526,0.2307692307692308,2.5714285714285716,1.2244897959183674,0.6111111111111112,11,0.7802197802197802,False
4.0,0.0,5.0,0.0,,0.23076923076923078,1.0,0.0,1.0,1,0.7142857142857143,False
3.857142857142857,0.24489795918367344,4.9230769230769225,0.1318681318681323,8.19047619047619,0.19780219780219782,2.857142857142857,1.3061224489795917,0.55,11,0.7802197802197802,False
3.5555555555555554,0.5925925925925927,4.709401709401709,0.32288698955365625,10.166666666666666,0.23076923076923078,2.2222222222222223,1.1358024691358024,0.6,12,0.7472527472527473,False
3.8,0.3200000000000001,4.692307692307692,0.36923076923076936,12.6,0.13846153846153847,2.6,1.1199999999999999,0.7692307692307693,10,0.7472527472527473,False
3.5,0.5,4.743589743589744,0.34188034188034183,9.6,0.2307692307692308,3.5,1.0,0.5714285714285714,12,0.7472527472527473,False
3.75,0.375,5.0,0.0,7.333333333333333,0.17307692307692307,2.5,1.5,0.8,8,0.7802197802197802,False
3.5,0.625,4.8076923076923075,0.28846153846153855,8.071428571428571,0.23076923076923078,2.625,1.21875,0.5714285714285714,12,0.7472527472527473,False
3.75,0.375,4.740384615384615,0.32451923076923084,9.75,0.23076923076923078,2.875,1.125,0.4782608695652174,11,0.7472527472527473,False
4.0,0.0,4.82051282051282,0.23931623931623935,9.333333333333334,0.23076923076923075,3.6666666666666665,1.1111111111111112,0.8181818181818182,9,0.7472527472527473,False
3.8333333333333335,0.2777777777777777,4.91025641025641,0.14957264957264993,5.8,0.2307692307692308,3.1666666666666665,0.8333333333333334,0.5789473684210527,11,0.7472527472527473,False
4.0,0.0,4.82051282051282,0.23931623931623935,8.666666666666666,0.23076923076923075,3.3333333333333335,1.1111111111111112,0.7,7,0.7472527472527473,False
4.0,0.0,4.730769230769231,0.26923076923076916,13.0,0.23076923076923078,3.5,1.5,1.0,7,0.7472527472527473,False
3.5,0.625,4.740384615384615,0.32451923076923084,9.678571428571429,0.23076923076923078,2.25,1.25,0.6111111111111112,11,0.7472527472527473,False
3.5,0.625,4.865384615384615,0.2019230769230771,8.714285714285714,0.23076923076923078,2.5,1.125,0.55,11,0.7802197802197802,False
3.8,0.3200000000000001,4.692307692307692,0.36923076923076936,11.6,0.23076923076923078,3.8,0.7200000000000001,0.5789473684210527,11,0.7472527472527473,False
4.0,0.0,4.461538461538462,0.0,,0.23076923076923078,5.0,0.0,1.0,5,0.6373626373626373,False
3.7777777777777777,0.34567901234567905,4.769230769230769,0.3076923076923077,9.11111111111111,0.23076923076923078,2.3333333333333335,0.8148148148148149,0.47619047619047616,10,0.7472527472527473,False
3.5714285714285716,0.4897959183673469,4.78021978021978,0.3139717425431711,11.333333333333334,0.2307692307692308,3.142857142857143,1.2653061224489794,0.5,11,0.7802197802197802,False
3.5,0.5,5.0,0.0,5.066666666666666,0.2307692307692308,2.6666666666666665,1.0,0.5625,9,0.7802197802197802,False
3.6666666666666665,0.4444444444444445,4.743589743589744,0.34188034188034183,10.133333333333333,0.2307692307692308,3.3333333333333335,1.0,0.5,10,0.7472527472527473,False
3.5714285714285716,0.6122448979591836,4.78021978021978,0.3139717425431711,9.047619047619047,0.2307692307692308,3.142857142857143,1.2653061224489797,0.5454545454545454,12,0.7472527472527473,False
4.0,0.0,5.0,0.0,,0.23076923076923078,3.0,0.0,1.0,3,0.7142857142857143,False
4.0,0.0,5.0,0.0,,0.0,1.0,0.0,1.0,1,0.7142857142857143,False
3.8,0.3200000000000001,5.0,0.0,6.6,0.18461538461538463,2.6,1.28,0.7692307692307693,10,0.7802197802197802,False
3.857142857142857,0.24489795918367344,4.703296703296703,0.33908948194662486,10.857142857142858,0.2307692307692308,2.857142857142857,1.0204081632653061,0.55,11,0.7472527472527473,False
4.0,0.0,5.0,0.0,,0.23076923076923078,5.0,0.0,1.0,5,0.7142857142857143,False
3.75,0.375,4.730769230769231,0.26923076923076916,9.666666666666666,0.23076923076923078,3.0,1.0,0.6666666666666666,8,0.7472527472527473,False
3.75,0.375,5.0,0.0,2.6666666666666665,0.23076923076923078,3.25,0.75,0.8461538461538461,11,0.7362637362637363,False
3.8333333333333335,0.2777777777777777,4.91025641025641,0.14957264957264993,5.8,0.2307692307692308,3.6666666666666665,0.7777777777777778,0.5,11,0.7472527472527473,False
3.625,0.46875,4.8076923076923075,0.28846153846153855,10.714285714285714,0.20192307692307693,2.375,0.96875,0.47368421052631576,9,0.7802197802197802,False
3.5714285714285716,0.6122448979591836,4.703296703296703,0.33908948194662486,10.571428571428571,0.2307692307692308,2.142857142857143,1.0204081632653061,0.6666666666666666,10,0.7472527472527473,False
3.7142857142857144,0.4081632653061224,5.0,0.0,5.619047619047619,0.19780219780219782,2.4285714285714284,1.0612244897959184,0.6470588235294118,11,0.7802197802197802,False
3.5714285714285716,0.6122448979591836,4.78021978021978,0.3139717425431711,11.523809523809524,0.2307692307692308,2.7142857142857144,1.3877551020408165,0.631578947368421,12,0.7802197802197802,False
3.4444444444444446,0.6172839506172839,4.769230769230769,0.3076923076923077,11.0,0.23076923076923078,2.7777777777777777,1.308641975308642,0.44,11,0.7802197802197802,False
3.7142857142857144,0.4081632653061224,4.846153846153846,0.2197802197802199,7.904761904761905,0.19780219780219782,2.4285714285714284,1.0612244897959184,0.5294117647058824,9,0.7472527472527473,False
3.6,0.5600000000000002,4.892307692307692,0.17230769230769258,7.466666666666667,0.23076923076923078,2.7,1.1,0.4444444444444444,12,0.7802197802197802,False
3.857142857142857,0.24489795918367344,4.9230769230769225,0.1318681318681323,8.19047619047619,0.19780219780219782,2.857142857142857,1.306122448979592,0.6,12,0.7802197802197802,False
3.6,0.48,4.784615384615384,0.25846153846153863,8.8,0.23076923076923078,3.2,0.96,0.625,10,0.7472527472527473,False
3.75,0.375,4.75,0.375,10.833333333333334,0.11538461538461539,2.75,1.25,0.8181818181818182,9,0.7472527472527473,False
3.8,0.3200000000000001,4.692307692307692,0.36923076923076936,11.6,0.23076923076923078,3.4,1.1199999999999999,0.7058823529411765,12,0.7472527472527473,False
3.8,0.3200000000000001,4.584615384615384,0.3323076923076922,13.2,0.23076923076923078,3.0,1.2,0.6666666666666666,10,0.7472527472527473,False
3.75,0.375,4.615384615384615,0.3846153846153846,14.333333333333334,0.17307692307692307,2.75,0.75,0.9090909090909091,10,0.7472527472527473,False
3.8,0.3200000000000001,5.0,0.0,3.4,0.18461538461538463,3.0,0.8,0.7333333333333333,11,0.7472527472527473,False
4.0,0.0,5.0,0.0,,0.23076923076923078,4.0,0.0,1.0,4,0.7142857142857143,False
3.6666666666666665,0.4444444444444445,5.0,0.0,2.6666666666666665,0.23076923076923075,3.0,0.6666666666666666,0.8888888888888888,8,0.7362637362637363,False
3.75,0.375,4.865384615384615,0.2019230769230771,7.5,0.23076923076923078,3.75,0.875,0.8,12,0.7472527472527473,False
3.5555555555555554,0.5925925925925927,4.829059829059829,0.2659069325735994,7.0,0.23076923076923078,2.6666666666666665,1.2592592592592593,0.5,12,0.7472527472527473,False
3.6666666666666665,0.4444444444444445,4.82051282051282,0.23931623931623935,9.333333333333334,0.23076923076923075,3.3333333333333335,0.8888888888888888,0.8,8,0.7472527472527473,False
3.5,0.5,4.461538461538462,0.0,6.0,0.23076923076923078,2.0,0.0,1.0,4,0.6703296703296703,False
3.8333333333333335,0.2777777777777777,4.743589743589744,0.34188034188034183,10.933333333333334,0.19230769230769232,3.1666666666666665,1.1666666666666667,0.5789473684210527,11,0.7472527472527473,False
3.8333333333333335,0.2777777777777777,4.91025641025641,0.14957264957264993,6.6,0.19230769230769232,3.1666666666666665,1.1666666666666667,0.5789473684210527,11,0.7472527472527473,False
3.375,0.625,4.8076923076923075,0.28846153846153855,7.714285714285714,0.23076923076923078,2.625,1.21875,0.47619047619047616,10,0.7472527472527473,False
3.8,0.3200000000000001,4.8,0.3200000000000001,7.6,0.23076923076923078,3.2,1.04,0.625,10,0.7362637362637363,False
3.625,0.46875,4.8076923076923075,0.28846153846153855,10.285714285714286,0.23076923076923078,3.25,1.1875,0.5,13,0.7802197802197802,False
3.2222222222222223,0.8641975308641975,4.88034188034188,0.1861348528015197,8.277777777777779,0.23076923076923078,2.0,0.8888888888888888,0.5,9,0.7802197802197802,False
3.625,0.5625,4.8076923076923075,0.28846153846153855,10.5,0.23076923076923078,2.875,1.375,0.5217391304347826,12,0.7802197802197802,False
3.3333333333333335,0.7407407407407407,4.88034188034188,0.1861348528015197,8.166666666666666,0.23076923076923078,2.3333333333333335,1.1111111111111114,0.5714285714285714,12,0.7802197802197802,False
3.6,0.5600000000000002,4.892307692307692,0.17230769230769258,7.644444444444445,0.23076923076923078,2.6,1.1199999999999999,0.4230769230769231,11,0.7802197802197802,False
3.75,0.375,5.0,0.0,4.0,0.17307692307692307,3.0,1.0,0.8333333333333334,10,0.7472527472527473,False
4.0,0.0,4.865384615384615,0.2019230769230771,7.833333333333333,0.23076923076923078,3.75,0.875,0.6666666666666666,10,0.7472527472527473,False
4.0,0.0,5.0,0.0,,0.23076923076923078,2.0,0.0,1.0,2,0.7142857142857143,False
3.375,0.78125,4.6826923076923075,0.3966346153846154,10.892857142857142,0.23076923076923078,2.125,0.90625,0.47058823529411764,8,0.7472527472527473,False
3.857142857142857,0.24489795918367344,4.703296703296703,0.33908948194662486,13.142857142857142,0.2307692307692308,2.857142857142857,1.3061224489795917,0.6,12,0.7802197802197802,False
3.2857142857142856,0.8163265306122449,4.637362637362637,0.4144427001569859,12.19047619047619,0.2307692307692308,2.0,0.8571428571428571,0.5714285714285714,8,0.7472527472527473,False
3.6666666666666665,0.4444444444444445,4.91025641025641,0.14957264957264993,6.6,0.19230769230769232,3.0,1.0,0.6111111111111112,11,0.7472527472527473,False
3.8333333333333335,0.2777777777777777,4.91025641025641,0.14957264957264993,6.6,0.19230769230769232,3.1666666666666665,1.1666666666666667,0.631578947368421,12,0.7472527472527473,False
4.0,0.0,4.461538461538462,0.0,,0.23076923076923078,2.0,0.0,1.0,2,0.6373626373626373,False
4.0,0.0,5.0,0.0,4.0,0.23076923076923078,3.0,1.0,0.8333333333333334,5,0.7362637362637363,False
3.8,0.3200000000000001,5.0,0.0,6.2,0.23076923076923078,2.6,1.1199999999999999,0.6153846153846154,8,0.7802197802197802,False
3.5454545454545454,0.5785123966942151,4.902097902097902,0.16020343293070594,7.527272727272727,0.20979020979020982,2.4545454545454546,1.1239669421487604,0.4074074074074074,11,0.7802197802197802,False
3.5,0.6,4.792307692307692,0.2907692307692308,10.2,0.23076923076923078,2.9,1.3,0.4482758620689655,13,0.7802197802197802,False
3.8333333333333335,0.2777777777777777,4.653846153846153,0.3461538461538461,11.8,0.2307692307692308,3.1666666666666665,1.1666666666666667,0.631578947368421,12,0.7472527472527473,False
3.6666666666666665,0.4444444444444445,5.0,0.0,2.6666666666666665,0.23076923076923075,3.6666666666666665,0.4444444444444445,0.8181818181818182,9,0.7362637362637363,False
3.6666666666666665,0.4444444444444445,4.91025641025641,0.14957264957264993,5.666666666666667,0.2307692307692308,3.5,0.6666666666666666,0.5238095238095238,11,0.7472527472527473,False
3.75,0.375,5.0,0.0,2.3333333333333335,0.23076923076923078,3.5,0.75,0.6428571428571429,9,0.7362637362637363,False
3.75,0.375,5.0,0.0,7.333333333333333,0.23076923076923078,3.25,1.125,0.6153846153846154,8,0.7802197802197802,False
3.75,0.4375,5.0,0.0,5.214285714285714,0.20192307692307693,2.5,1.25,0.5,10,0.7802197802197802,False
3.7142857142857144,0.4081632653061224,4.78021978021978,0.3139717425431711,9.047619047619047,0.2307692307692308,3.4285714285714284,0.9387755102040816,0.5416666666666666,13,0.7472527472527473,False
4.0,0.0,5.0,0.0,,0.23076923076923078,4.0,0.0,1.0,4,0.7142857142857143,False
3.6,0.48,4.892307692307692,0.17230769230769258,10.0,0.23076923076923078,3.0,1.2,0.6666666666666666,10,0.7802197802197802,False
3.8,0.3200000000000001,4.692307692307692,0.36923076923076936,14.8,0.23076923076923078,3.2,1.3599999999999999,0.6875,11,0.7802197802197802,False
3.6,0.5599999999999999,4.792307692307692,0.2907692307692308,8.155555555555555,0.23076923076923078,2.5,1.3,0.48,12,0.7472527472527473,False
3.8333333333333335,0.2777777777777777,5.0,0.0,5.733333333333333,0.2307692307692308,3.0,1.0,0.6111111111111112,11,0.7802197802197802,False
3.75,0.375,5.0,0.0,2.3333333333333335,0.23076923076923078,3.25,0.75,0.7692307692307693,10,0.7362637362637363,False
3.8333333333333335,0.2777777777777777,4.653846153846153,0.3461538461538461,11.933333333333334,0.2307692307692308,2.8333333333333335,1.1666666666666667,0.6470588235294118,11,0.7472527472527473,False
3.5454545454545454,0.5785123966942151,4.902097902097902,0.16020343293070594,7.127272727272727,0.2307692307692308,2.727272727272727,1.1570247933884297,0.4,12,0.7802197802197802,False
4.0,0.0,4.91025641025641,0.14957264957264993,9.0,0.19230769230769232,2.6666666666666665,1.3333333333333333,0.5625,9,0.7802197802197802,False
3.6666666666666665,0.4444444444444445,5.0,0.0,4.666666666666667,0.15384615384615385,3.0,1.3333333333333333,0.7777777777777778,7,0.7472527472527473,False
3.4444444444444446,0.7407407407407407,4.88034188034188,0.1861348528015197,8.444444444444445,0.23076923076923078,2.3333333333333335,1.1111111111111114,0.47619047619047616,10,0.7802197802197802,False
3.8,0.3200000000000001,4.784615384615384,0.25846153846153863,12.2,0.23076923076923078,3.0,1.2,0.6666666666666666,10,0.7802197802197802,False
3.6666666666666665,0.4444444444444445,5.0,0.0,8.666666666666666,0.23076923076923075,3.0,1.3333333333333333,0.7777777777777778,7,0.7802197802197802,False
3.8,0.3200000000000001,5.0,0.0,3.8,0.18461538461538463,3.0,1.2,0.6,9,0.7472527472527473,False
3.6666666666666665,0.4444444444444445,4.91025641025641,0.14957264957264993,8.6,0.2307692307692308,2.3333333333333335,0.777777777777778,0.5714285714285714,8,0.7802197802197802,False
3.5,0.7,4.892307692307692,0.17230769230769258,7.733333333333333,0.23076923076923078,2.3,1.0200000000000002,0.43478260869565216,10,0.7802197802197802,False
3.5454545454545454,0.6611570247933887,4.811188811188811,0.2746344564526384,8.436363636363636,0.20979020979020982,2.1818181818181817,1.140495867768595,0.375,9,0.7472527472527473,False
4.0,0.0,5.0,0.0,2.6666666666666665,0.23076923076923075,3.3333333333333335,0.8888888888888888,0.7,7,0.7362637362637363,False
4.0,0.0,5.0,0.0,12.0,0.23076923076923078,2.5,1.5,1.0,5,0.7802197802197802,False
3.5,0.5,5.0,0.0,1.8666666666666667,0.2307692307692308,3.1666666666666665,0.8333333333333334,0.5789473684210527,11,0.7362637362637363,False
3.75,0.375,4.615384615384615,0.3846153846153846,17.333333333333332,0.17307692307692307,2.25,0.875,0.8888888888888888,8,0.7802197802197802,False
3.625,0.5625,4.9326923076923075,0.11778846153846168,7.107142857142857,0.23076923076923078,2.5,1.125,0.5,10,0.7802197802197802,False
3.7142857142857144,0.4081632653061224,4.78021978021978,0.3139717425431711,9.047619047619047,0.2307692307692308,3.4285714285714284,0.9387755102040816,0.5,12,0.7472527472527473,False
3.6666666666666665,0.4444444444444445,4.743589743589744,0.34188034188034183,12.8,0.2307692307692308,3.3333333333333335,1.2222222222222223,0.6,12,0.7802197802197802,False
3.6363636363636362,0.5289256198347108,4.902097902097902,0.16020343293070594,7.6,0.20979020979020982,2.6363636363636362,1.2396694214876034,0.3793103448275862,11,0.7802197802197802,False
3.8,0.3200000000000001,4.8,0.3200000000000001,11.6,0.23076923076923078,3.2,1.04,0.5625,9,0.7802197802197802,False
3.6666666666666665,0.5185185185185186,4.88034188034188,0.1861348528015197,8.222222222222221,0.23076923076923078,2.4444444444444446,1.0370370370370372,0.45454545454545453,10,0.7802197802197802,False
3.8,0.3200000000000001,5.0,0.0,4.0,0.18461538461538463,3.2,0.96,0.625,10,0.7472527472527473,False
3.6666666666666665,0.4444444444444445,4.743589743589744,0.34188034188034183,10.0,0.2307692307692308,3.5,1.0,0.5714285714285714,12,0.7472527472527473,False
4.0,0.0,4.0,0.0,,0.23076923076923078,2.0,0.0,1.0,2,0.5714285714285714,False
3.857142857142857,0.24489795918367344,4.703296703296703,0.33908948194662486,10.761904761904763,0.2307692307692308,3.0,1.1428571428571428,0.5714285714285714,12,0.7472527472527473,False
3.8,0.3200000000000001,4.8,0.3200000000000001,11.8,0.18461538461538463,2.8,1.04,0.7857142857142857,11,0.7802197802197802,False
3.75,0.375,4.865384615384615,0.2019230769230771,7.5,0.23076923076923078,3.25,0.75,0.6923076923076923,9,0.7472527472527473,False
3.8,0.3200000000000001,4.8,0.3200000000000001,8.4,0.23076923076923078,3.8,0.7200000000000001,0.631578947368421,12,0.7472527472527473,False
3.875,0.21875,4.9326923076923075,0.11778846153846168,7.678571428571429,0.20192307692307693,2.75,1.25,0.5,11,0.7802197802197802,False
4.0,0.0,5.0,0.0,1.3333333333333333,0.23076923076923078,3.75,0.75,0.6666666666666666,10,0.7252747252747253,False
3.25,0.75,4.9326923076923075,0.11778846153846168,7.035714285714286,0.23076923076923078,2.375,1.21875,0.631578947368421,12,0.7802197802197802,False
3.3333333333333335,0.4444444444444445,4.82051282051282,0.23931623931623935,9.333333333333334,0.23076923076923075,3.3333333333333335,0.8888888888888888,0.9,9,0.7472527472527473,False
4.0,0.0,4.846153846153846,0.2197802197802199,9.428571428571429,0.2307692307692308,2.857142857142857,1.0204081632653061,0.5,10,0.7802197802197802,False
3.8,0.3200000000000001,4.892307692307692,0.17230769230769258,6.4,0.23076923076923078,3.6,0.8800000000000001,0.5,9,0.7472527472527473,False
3.7142857142857144,0.4081632653061224,4.9230769230769225,0.1318681318681323,8.19047619047619,0.19780219780219782,2.142857142857143,0.7755102040816324,0.5333333333333333,8,0.7802197802197802,False
3.875,0.21875,4.740384615384615,0.32451923076923084,9.892857142857142,0.23076923076923078,2.375,0.875,0.5263157894736842,10,0.7472527472527473,False
4.0,0.0,4.82051282051282,0.23931623931623935,9.333333333333334,0.23076923076923075,3.6666666666666665,1.1111111111111112,0.7272727272727273,8,0.7472527472527473,False
3.8333333333333335,0.2777777777777777,4.743589743589744,0.34188034188034183,12.8,0.2307692307692308,3.0,1.3333333333333333,0.6666666666666666,12,0.7802197802197802,False
3.0,0.0,4.0,0.0,,0.23076923076923078,3.0,0.0,1.0,3,0.5714285714285714,False
3.75,0.375,4.865384615384615,0.2019230769230771,7.214285714285714,0.20192307692307693,2.375,0.96875,0.47368421052631576,9,0.7472527472527473,False
3.8333333333333335,0.2777777777777777,4.82051282051282,0.23931623931623935,10.666666666666666,0.2307692307692308,3.1666666666666665,1.1666666666666667,0.5789473684210527,11,0.7802197802197802,False
4.0,0.0,4.892307692307692,0.17230769230769258,10.2,0.23076923076923078,2.6,0.8800000000000001,0.6153846153846154,8,0.7802197802197802,False
3.75,0.375,5.0,0.0,3.0714285714285716,0.20192307692307693,3.0,1.0,0.5,12,0.7472527472527473,False
3.4285714285714284,0.6530612244897959,4.78021978021978,0.3139717425431711,8.857142857142858,0.2307692307692308,3.142857142857143,1.2653061224489797,0.5909090909090909,13,0.7472527472527473,False
4.0,0.0,4.82051282051282,0.23931623931623935,14.0,0.23076923076923075,2.3333333333333335,1.1111111111111112,0.5714285714285714,4,0.7802197802197802,False
3.5,0.5,5.0,0.0,2.0,0.23076923076923078,3.25,0.75,0.6153846153846154,8,0.7362637362637363,False
3.857142857142857,0.24489795918367344,4.703296703296703,0.33908948194662486,10.761904761904763,0.2307692307692308,2.2857142857142856,0.8979591836734694,0.625,10,0.7472527472527473,False
4.0,0.0,5.0,0.0,,0.23076923076923078,3.0,0.0,1.0,3,0.7142857142857143,False
4.0,0.0,5.0,0.0,,0.23076923076923078,5.0,0.0,1.0,5,0.7142857142857143,False
3.75,0.375,4.865384615384615,0.2019230769230771,7.5,0.23076923076923078,3.5,0.75,0.5714285714285714,8,0.7472527472527473,False
3.6666666666666665,0.4444444444444445,4.82051282051282,0.23931623931623935,9.333333333333334,0.23076923076923075,3.3333333333333335,0.8888888888888888,0.8,8,0.7472527472527473,False
3.5,0.5,4.743589743589744,0.34188034188034183,9.733333333333333,0.2307692307692308,3.1666666666666665,1.1666666666666667,0.5263157894736842,10,0.7472527472527473,False
4.0,0.0,5.0,0.0,4.0,0.23076923076923078,4.0,0.0,0.75,6,0.7362637362637363,False
3.5555555555555554,0.5925925925925927,4.88034188034188,0.1861348528015197,8.166666666666666,0.23076923076923078,2.4444444444444446,1.0370370370370372,0.5,11,0.7802197802197802,False
3.5555555555555554,0.5925925925925927,4.769230769230769,0.3076923076923077,8.777777777777779,0.23076923076923078,2.5555555555555554,1.382716049382716,0.5217391304347826,12,0.7472527472527473,False
3.7142857142857144,0.4081632653061224,4.78021978021978,0.3139717425431711,11.523809523809524,0.2307692307692308,2.857142857142857,1.3061224489795917,0.5,10,0.7802197802197802,False
3.8,0.3200000000000001,4.892307692307692,0.17230769230769258,6.2,0.23076923076923078,3.2,0.96,0.5625,9,0.7472527472527473,False
4.0,0.0,4.461538461538462,0.0,,0.23076923076923078,5.0,0.0,1.0,5,0.6373626373626373,False
3.7142857142857144,0.4081632653061224,4.9230769230769225,0.1318681318681323,7.619047619047619,0.2307692307692308,2.857142857142857,1.0204081632653064,0.5,10,0.7802197802197802,False
3.5,0.6666666666666666,4.743589743589744,0.34188034188034183,10.0,0.2307692307692308,3.0,1.3333333333333333,0.6666666666666666,12,0.7472527472527473,False
3.7142857142857144,0.4081632653061224,4.703296703296703,0.33908948194662486,10.761904761904763,0.2307692307692308,3.0,1.1428571428571428,0.5238095238095238,11,0.7472527472527473,False
3.6363636363636362,0.5289256198347108,4.902097902097902,0.16020343293070594,7.6,0.20979020979020982,2.6363636363636362,1.2396694214876034,0.41379310344827586,12,0.7802197802197802,False
3.6666666666666665,0.4444444444444445,5.0,0.0,2.6666666666666665,0.23076923076923075,3.3333333333333335,0.8888888888888888,0.8,8,0.7362637362637363,False
3.4444444444444446,0.7407407407407407,4.658119658119658,0.3798670465337132,11.5,0.23076923076923078,2.111111111111111,0.8148148148148147,0.47368421052631576,9,0.7472527472527473,False
3.75,0.375,4.75,0.375,9.166666666666666,0.23076923076923078,3.75,0.75,0.6,9,0.7362637362637363,False
3.5714285714285716,0.6122448979591836,4.78021978021978,0.3139717425431711,9.047619047619047,0.2307692307692308,3.0,1.1428571428571428,0.5714285714285714,12,0.7472527472527473,False
3.5,0.625,4.8076923076923075,0.28846153846153855,7.714285714285714,0.23076923076923078,2.375,1.125,0.5789473684210527,11,0.7472527472527473,False
3.3333333333333335,0.7407407407407407,4.82051282051282,0.23931623931623935,9.38888888888889,0.23076923076923078,2.3333333333333335,1.1111111111111114,0.5714285714285714,12,0.7802197802197802,False
3.75,0.375,5.0,0.0,4.333333333333333,0.17307692307692307,3.0,1.0,0.75,9,0.7472527472527473,False
3.7142857142857144,0.4081632653061224,4.857142857142857,0.24489795918367374,9.142857142857142,0.19780219780219782,2.5714285714285716,0.9387755102040816,0.6111111111111112,11,0.7802197802197802,False
3.2857142857142856,0.8163265306122449,4.703296703296703,0.33908948194662486,10.571428571428571,0.2307692307692308,2.0,1.1428571428571428,0.5714285714285714,8,0.7472527472527473,False
3.6666666666666665,0.4444444444444445,4.743589743589744,0.34188034188034183,12.8,0.2307692307692308,3.0,1.3333333333333333,0.5555555555555556,10,0.7802197802197802,False
3.8333333333333335,0.2777777777777777,4.743589743589744,0.34188034188034183,10.133333333333333,0.2307692307692308,3.5,1.0,0.5714285714285714,12,0.7472527472527473,False
4.0,0.0,4.82051282051282,0.23931623931623935,9.333333333333334,0.23076923076923075,3.3333333333333335,0.8888888888888888,0.6,6,0.7472527472527473,False
3.375,0.78125,4.9326923076923075,0.11778846153846168,7.25,0.23076923076923078,2.375,1.21875,0.5263157894736842,10,0.7802197802197802,False
3.375,0.78125,4.615384615384615,0.3846153846153846,12.571428571428571,0.23076923076923078,2.0,0.75,0.5625,9,0.7472527472527473,False
3.8,0.3200000000000001,4.892307692307692,0.17230769230769258,6.6,0.23076923076923078,3.4,0.72,0.5882352941176471,10,0.7472527472527473,False
3.8,0.3200000000000001,4.892307692307692,0.17230769230769258,6.2,0.23076923076923078,3.6,0.8800000000000001,0.6666666666666666,12,0.7472527472527473,False
3.5555555555555554,0.5925925925925927,4.829059829059829,0.2659069325735994,7.611111111111111,0.23076923076923078,3.2222222222222223,1.08641975308642,0.41379310344827586,12,0.7472527472527473,False
3.6,0.5600000000000002,4.892307692307692,0.17230769230769258,7.644444444444445,0.23076923076923078,2.6,1.1199999999999999,0.46153846153846156,12,0.7802197802197802,False
3.7142857142857144,0.4081632653061224,4.78021978021978,0.3139717425431711,11.523809523809524,0.2307692307692308,3.142857142857143,1.2653061224489794,0.5909090909090909,13,0.7802197802197802,False
3.6666666666666665,0.4444444444444445,5.0,0.0,1.3333333333333333,0.23076923076923075,3.3333333333333335,0.8888888888888888,0.8,8,0.7252747252747253,False
3.4,0.48,4.692307692307692,0.36923076923076936,11.0,0.23076923076923078,3.4,1.1199999999999999,0.5882352941176471,10,0.7472527472527473,False
3.7,0.47999999999999987,4.892307692307692,0.17230769230769258,8.088888888888889,0.2076923076923077,2.3,1.0200000000000002,0.43478260869565216,10,0.7802197802197802,False
3.8,0.3200000000000001,4.692307692307692,0.36923076923076936,11.2,0.23076923076923078,2.4,1.1199999999999999,0.6666666666666666,8,0.7472527472527473,False
3.857142857142857,0.24489795918367344,4.703296703296703,0.33908948194662486,10.857142857142858,0.2307692307692308,3.0,1.1428571428571428,0.5714285714285714,12,0.7472527472527473,False
3.6,0.48,5.0,0.0,3.4,0.18461538461538463,3.2,0.96,0.6875,11,0.7472527472527473,False
3.6,0.48,4.692307692307692,0.36923076923076936,11.4,0.23076923076923078,3.0,1.2,0.6666666666666666,10,0.7472527472527473,False
3.7142857142857144,0.4081632653061224,4.9230769230769225,0.1318681318681323,5.904761904761905,0.19780219780219782,2.5714285714285716,0.9387755102040816,0.5,9,0.7472527472527473,False
3.4444444444444446,0.7407407407407407,4.769230769230769,0.3076923076923077,9.11111111111111,0.23076923076923078,2.0,0.8888888888888888,0.4444444444444444,8,0.7472527472527473,False
3.75,0.375,4.75,0.375,13.833333333333334,0.23076923076923078,3.25,1.25,0.6153846153846154,8,0.7802197802197802,False
3.1,0.7200000000000001,4.946153846153846,0.09692307692307675,5.888888888888889,0.23076923076923078,2.4,1.28,0.5,12,0.7802197802197802,False
4.0,0.0,5.0,0.0,7.333333333333333,0.23076923076923078,2.75,1.25,0.6363636363636364,7,0.7802197802197802,False
3.625,0.5625,4.740384615384615,0.32451923076923084,9.607142857142858,0.23076923076923078,2.25,1.0,0.5555555555555556,10,0.7472527472527473,False
3.6666666666666665,0.4444444444444444,4.829059829059829,0.2659069325735994,9.555555555555555,0.20512820512820515,2.6666666666666665,0.9629629629629627,0.5,12,0.7802197802197802,False
3.5555555555555554,0.5925925925925927,4.88034188034188,0.1861348528015197,8.055555555555555,0.23076923076923078,2.6666666666666665,1.1851851851851851,0.5,12,0.7802197802197802,False
3.5,0.7,4.792307692307692,0.2907692307692308,8.377777777777778,0.23076923076923078,2.3,1.1599999999999997,0.391304347826087,9,0.7472527472527473,False
3.6666666666666665,0.4444444444444445,4.641025641025641,0.23931623931623935,9.333333333333334,0.23076923076923075,2.6666666666666665,0.8888888888888888,0.75,6,0.7362637362637363,False
3.3333333333333335,0.6666666666666666,4.743589743589744,0.34188034188034183,9.733333333333333,0.2307692307692308,2.3333333333333335,1.3333333333333333,0.7142857142857143,10,0.7472527472527473,False
3.111111111111111,0.7901234567901236,4.94017094017094,0.10636277302943951,6.388888888888889,0.23076923076923078,2.4444444444444446,1.382716049382716,0.5454545454545454,12,0.7802197802197802,False
3.5,0.625,4.8076923076923075,0.28846153846153855,8.071428571428571,0.23076923076923078,2.625,1.21875,0.5714285714285714,12,0.7472527472527473,False
3.7142857142857144,0.4081632653061224,5.0,0.0,2.857142857142857,0.19780219780219782,3.142857142857143,1.0204081632653061,0.5454545454545454,12,0.7472527472527473,False
3.8333333333333335,0.2777777777777777,4.743589743589744,0.34188034188034183,13.066666666666666,0.2307692307692308,3.0,1.3333333333333333,0.6666666666666666,12,0.7802197802197802,False
3.8333333333333335,0.2777777777777777,4.743589743589744,0.34188034188034183,12.933333333333334,0.2307692307692308,3.1666666666666665,1.1666666666666667,0.5789473684210527,11,0.7802197802197802,False
3.625,0.46875,4.875,0.21875,8.178571428571429,0.20192307692307693,2.75,1.0,0.5454545454545454,12,0.7802197802197802,False
3.6666666666666665,0.4444444444444445,4.82051282051282,0.23931623931623935,8.666666666666666,0.19230769230769232,2.1666666666666665,0.8888888888888887,0.6153846153846154,8,0.7472527472527473,False
3.5,0.625,4.8076923076923075,0.28846153846153855,10.357142857142858,0.23076923076923078,2.875,1.375,0.5652173913043478,13,0.7802197802197802,False
3.6,0.5600000000000002,4.892307692307692,0.17230769230769258,7.644444444444445,0.23076923076923078,2.6,1.1199999999999999,0.46153846153846156,12,0.7802197802197802,False
3.8333333333333335,0.2777777777777777,4.653846153846154,0.3461538461538461,11.933333333333334,0.2307692307692308,2.1666666666666665,0.8888888888888887,0.6153846153846154,8,0.7472527472527473,False
3.75,0.375,4.9326923076923075,0.11778846153846168,5.607142857142857,0.20192307692307693,3.125,1.125,0.48,12,0.7472527472527473,False
3.6666666666666665,0.4444444444444445,5.0,0.0,2.0,0.23076923076923075,3.6666666666666665,0.4444444444444445,0.9090909090909091,10,0.7252747252747253,False
3.4444444444444446,0.7407407407407407,4.658119658119658,0.3798670465337132,11.5,0.23076923076923078,2.3333333333333335,1.1111111111111114,0.47619047619047616,10,0.7472527472527473,False
3.8,0.3200000000000001,4.892307692307692,0.17230769230769258,6.2,0.23076923076923078,3.6,0.8800000000000001,0.6111111111111112,11,0.7472527472527473,False
3.2222222222222223,0.691358024691358,4.88034188034188,0.1861348528015197,8.11111111111111,0.23076923076923078,2.3333333333333335,1.1111111111111114,0.6190476190476191,13,0.7802197802197802,False
3.0,0.0,5.0,0.0,,0.23076923076923078,2.0,0.0,1.0,2,0.7142857142857143,False
3.5833333333333335,0.5555555555555554,4.91025641025641,0.14957264957264993,7.151515151515151,0.21153846153846156,2.5833333333333335,1.1805555555555556,0.3870967741935484,12,0.7802197802197802,False
3.6666666666666665,0.5185185185185186,4.769230769230769,0.3076923076923077,9.055555555555555,0.23076923076923078,2.2222222222222223,0.9135802469135802,0.5,10,0.7472527472527473,False
3.75,0.375,4.740384615384615,0.32451923076923084,12.035714285714286,0.23076923076923078,2.75,1.25,0.5,11,0.7802197802197802,False
3.7142857142857144,0.4081632653061224,5.0,0.0,3.238095238095238,0.19780219780219782,3.2857142857142856,1.1020408163265307,0.5217391304347826,12,0.7472527472527473,False
2.8086956521739133,1.0950472589792069,4.6822742474916375,0.39784789879307897,10.486651411136537,0.22274247491638796,2.9043478260869566,1.2178449905482043,0.05389221556886228,18,0.7802197802197802,False
2.8086956521739133,1.0950472589792069,4.679598662207358,0.37890940817216834,10.755148741418765,0.22274247491638796,2.9043478260869566,1.2178449905482043,0.05389221556886228,18,0.8021978021978022,True
2.8086956521739133,1.0950472589792069,4.644816053511706,0.39533517522175404,11.009610983981693,0.22474916387959867,2.9043478260869566,1.2178449905482043,0.05389221556886228,18,0.7802197802197802,True
2.8086956521739133,1.0950472589792069,4.671571906354515,0.3884019194416171,10.928146453089244,0.2247491638795987,2.9043478260869566,1.2178449905482043,0.05389221556886228,18,0.8021978021978022,True
2.8086956521739133,1.0950472589792069,4.636789297658863,0.40426930347535217,11.432189168573608,0.22073578595317725,2.9043478260869566,1.2178449905482043,0.05389221556886228,18,0.8021978021978022,True
2.8086956521739133,1.0950472589792069,4.614046822742474,0.40273375018176566,11.589931350114416,0.22675585284280936,2.9043478260869566,1.2178449905482043,0.05389221556886228,18,0.8021978021978022,True
2.8086956521739133,1.0950472589792069,4.627424749163879,0.4017333139450344,11.347063310450038,0.22474916387959867,2.9043478260869566,1.2178449905482043,0.05389221556886228,18,0.7802197802197802,True
2.8086956521739133,1.0950472589792069,4.666889632107024,0.38814599389268617,10.772845156369184,0.22675585284280936,2.9043478260869566,1.2178449905482043,0.05389221556886228,18,0.8021978021978022,True
2.8086956521739133,1.0950472589792069,4.62742474916388,0.4017333139450345,11.692753623188405,0.22073578595317728,2.9043478260869566,1.2178449905482043,0.05389221556886228,18,0.8021978021978022,True
2.8086956521739133,1.0950472589792069,4.648829431438127,0.39086811109495356,10.813729977116704,0.22474916387959867,2.9043478260869566,1.2178449905482043,0.05389221556886228,18,0.8021978021978022,True
2.8086956521739133,1.0950472589792069,4.674916387959866,0.37879307837719933,10.662395118230359,0.2187290969899666,2.9043478260869566,1.2178449905482043,0.05389221556886228,18,0.8021978021978022,True
2.8086956521739133,1.0950472589792069,4.672240802675585,0.39331103678929724,10.468344774980931,0.22274247491638796,2.9043478260869566,1.2178449905482043,0.05389221556886228,18,0.7802197802197802,True
2.8086956521739133,1.0950472589792069,4.703010033444816,0.3770481314526688,9.853852021357742,0.22073578595317725,2.9043478260869566,1.2178449905482043,0.05389221556886228,18,0.8021978021978022,True
2.8086956521739133,1.0950472589792069,4.628093645484951,0.4074800058164892,11.16979405034325,0.22474916387959867,2.9043478260869566,1.2178449905482043,0.05389221556886228,18,0.8021978021978022,True
2.8086956521739133,1.0950472589792069,4.667558528428093,0.39314817507634137,10.592829900839055,0.2247491638795987,2.9043478260869566,1.2178449905482043,0.05389221556886228,18,0.8021978021978022,True
2.8086956521739133,1.0950472589792069,4.632775919732441,0.4087363676021521,11.280854309687262,0.22675585284280936,2.9043478260869566,1.2178449905482043,0.05389221556886228,18,0.8021978021978022,True
2.8086956521739133,1.0950472589792069,4.672909698996654,0.3981968881779847,11.071853546910756,0.22073578595317725,2.9043478260869566,1.2178449905482043,0.05389221556886228,18,0.8021978021978022,True
2.8086956521739133,1.0950472589792069,4.676254180602006,0.38849498327759163,10.840274599542335,0.22073578595317725,2.9043478260869566,1.2178449905482043,0.05389221556886228,18,0.7802197802197802,True
2.8086956521739133,1.0950472589792069,4.6234113712374585,0.406060782317871,11.796796338672769,0.22274247491638796,2.9043478260869566,1.2178449905482043,0.05389221556886228,18,0.8021978021978022,True
2.8086956521739133,1.0950472589792069,4.68428093645485,0.37886287625418036,10.52326468344775,0.21872909698996654,2.9043478260869566,1.2178449905482043,0.05389221556886228,18,0.7802197802197802,True
2.8086956521739133,1.0950472589792069,4.650167224080267,0.4015471862730844,11.08649885583524,0.22073578595317728,2.9043478260869566,1.2178449905482043,0.05389221556886228,18,0.8021978021978022,True
2.8086956521739133,1.0950472589792069,4.65819397993311,0.39233386651156055,10.661174675819984,0.22474916387959867,2.9043478260869566,1.2178449905482043,0.05389221556886228,18,0.7802197802197802,True
2.8086956521739133,1.0950472589792069,4.623411371237458,0.40606078231787085,11.404424103737606,0.22474916387959867,2.9043478260869566,1.2178449905482043,0.05389221556886228,18,0.8021978021978022,True
2.8086956521739133,1.0950472589792069,4.65953177257525,0.40264068634579075,10.950419527078566,0.22274247491638796,2.9043478260869566,1.2178449905482043,0.05389221556886228,18,0.8021978021978022,True
2.8086956521739133,1.0950472589792069,4.653511705685619,0.3916824196597352,11.038291380625477,0.22073578595317728,2.9043478260869566,1.2178449905482043,0.05389221556886228,18,0.7802197802197802,True
2.8086956521739133,1.0950472589792069,4.682274247491638,0.3646939072269884,10.583981693363844,0.22274247491638796,2.9043478260869566,1.2178449905482043,0.05389221556886228,18,0.8021978021978022,True
2.8086956521739133,1.0950472589792069,4.65819397993311,0.39233386651156055,11.320518688024409,0.2187290969899666,2.9043478260869566,1.2178449905482043,0.05389221556886228,18,0.8021978021978022,True
2.8086956521739133,1.0950472589792069,4.684280936454849,0.3788628762541812,10.555911517925248,0.22274247491638796,2.9043478260869566,1.2178449905482043,0.05389221556886228,18,0.7802197802197802,True
2.8086956521739133,1.0950472589792069,4.625418060200669,0.3843536425767045,11.820289855072463,0.22073578595317728,2.9043478260869566,1.2178449905482043,0.05389221556886228,18,0.8021978021978022,True
2.8086956521739133,1.0950472589792069,4.626086956521739,0.390170132325142,11.560335621662853,0.22274247491638796,2.9043478260869566,1.2178449905482043,0.05389221556886228,18,0.8021978021978022,True
2.8086956521739133,1.0950472589792069,4.636789297658863,0.40426930347535217,11.783066361556065,0.21872909698996654,2.9043478260869566,1.2178449905482043,0.05389221556886228,18,0.8021978021978022,True
2.8086956521739133,1.0950472589792069,4.6461538461538465,0.4061538461538462,11.083752860411899,0.22474916387959867,2.9043478260869566,1.2178449905482043,0.05389221556886228,18,0.8021978021978022,True
2.8086956521739133,1.0950472589792069,4.65953177257525,0.40264068634579075,11.030053394355454,0.22073578595317728,2.9043478260869566,1.2178449905482043,0.05389221556886228,18,0.8021978021978022,True
2.8086956521739133,1.0950472589792069,4.664882943143812,0.3729998545877564,10.79206712433257,0.22073578595317725,2.9043478260869566,1.2178449905482043,0.05389221556886228,18,0.8021978021978022,True
2.8086956521739133,1.0950472589792069,4.632107023411371,0.4030827395666713,11.283905415713196,0.22274247491638796,2.9043478260869566,1.2178449905482043,0.05389221556886228,18,0.8021978021978022,True
2.8086956521739133,1.0950472589792069,4.636789297658863,0.40426930347535217,11.113348588863463,0.22073578595317725,2.9043478260869566,1.2178449905482043,0.05389221556886228,18,0.7802197802197802,True
2.8086956521739133,1.0950472589792069,4.6755852842809364,0.38365566380689303,10.376811594202898,0.22474916387959867,2.9043478260869566,1.2178449905482043,0.05389221556886228,18,0.7802197802197802,True
2.8086956521739133,1.0950472589792069,4.666889632107023,0.3881459938926863,10.99252479023646,0.2187290969899666,2.9043478260869566,1.2178449905482043,0.05389221556886228,18,0.7802197802197802,True
2.8086956521739133,1.0950472589792069,4.689632107023412,0.3832368765450043,10.138520213577422,0.22675585284280936,2.9043478260869566,1.2178449905482043,0.05389221556886228,18,0.8021978021978022,True
2.8086956521739133,1.0950472589792069,4.644816053511706,0.39533517522175404,11.344927536231884,0.22675585284280936,2.9043478260869566,1.2178449905482043,0.05389221556886228,18,0.7802197802197802,True
2.8086956521739133,1.0950472589792069,4.676254180602006,0.3884949832775916,10.356064073226545,0.22474916387959867,2.9043478260869566,1.2178449905482043,0.05389221556886228,18,0.7802197802197802,True
2.8086956521739133,1.0950472589792069,4.666220735785953,0.3831205467500363,10.73165522501907,0.21672240802675585,2.9043478260869566,1.2178449905482043,0.05389221556886228,18,0.7802197802197802,True
2.8086956521739133,1.0950472589792069,4.635451505016722,0.39307837719936006,11.403813882532418,0.22474916387959867,2.9043478260869566,1.2178449905482043,0.05389221556886228,18,0.8021978021978022,True
2.8086956521739133,1.0950472589792069,4.633444816053512,0.41436672967863913,11.415102974828375,0.2187290969899666,2.9043478260869566,1.2178449905482043,0.05389221556886228,18,0.8021978021978022,True
2.8086956521739133,1.0950472589792069,4.62742474916388,0.4017333139450345,11.488634630053394,0.2187290969899666,2.9043478260869566,1.2178449905482043,0.05389221556886228,18,0.8021978021978022,True
2.8086956521739133,1.0950472589792069,4.654849498327759,0.40217536716591545,11.029138062547673,0.22274247491638796,2.9043478260869566,1.2178449905482043,0.05389221556886228,18,0.8021978021978022,True
2.8086956521739133,1.0950472589792069,4.619397993311036,0.41038825069070783,11.412051868802441,0.2247491638795987,2.9043478260869566,1.2178449905482043,0.05389221556886228,18,0.7802197802197802,True
2.8086956521739133,1.0950472589792069,4.675585284280936,0.3836556638068931,10.807017543859649,0.22073578595317728,2.9043478260869566,1.2178449905482043,0.05389221556886228,18,0.8021978021978022,True
2.8086956521739133,1.0950472589792069,4.654180602006689,0.39694052639232197,10.851868802440885,0.22274247491638796,2.9043478260869566,1.2178449905482043,0.05389221556886228,18,0.7802197802197802,True
2.8086956521739133,1.0950472589792069,4.662207357859532,0.38772720663079835,10.990389016018307,0.22073578595317725,2.9043478260869566,1.2178449905482043,0.05389221556886228,18,0.8021978021978022,True
2.8086956521739133,1.0950472589792069,4.614715719063546,0.4087363676021519,11.663768115942029,0.222742474916388,2.9043478260869566,1.2178449905482043,0.05389221556886228,18,0.7802197802197802,True
2.8086956521739133,1.0950472589792069,4.676254180602006,0.38849498327759174,10.825019069412662,0.21872909698996654,2.9043478260869566,1.2178449905482043,0.05389221556886228,18,0.7802197802197802,True
2.8086956521739133,1.0950472589792069,4.644816053511706,0.39533517522175404,11.108466819221968,0.22675585284280936,2.9043478260869566,1.2178449905482043,0.05389221556886228,18,0.8021978021978022,True
2.8086956521739133,1.0950472589792069,4.720401337792642,0.3646939072269887,9.57162471395881,0.22073578595317728,2.9043478260869566,1.2178449905482043,0.05389221556886228,18,0.8021978021978022,True
2.8086956521739133,1.0950472589792069,4.645484949832776,0.4007561436672962,11.193897787948131,0.22274247491638796,2.9043478260869566,1.2178449905482043,0.05389221556886228,18,0.8021978021978022,True
2.8086956521739133,1.0950472589792069,4.6347826086956525,0.3874480151228737,11.275667429443173,0.2247491638795987,2.9043478260869566,1.2178449905482043,0.05389221556886228,18,0.8021978021978022,True
2.8086956521739133,1.0950472589792069,4.614046822742474,0.40273375018176566,11.5581998474447,0.2247491638795987,2.9043478260869566,1.2178449905482043,0.05389221556886228,18,0.7802197802197802,True
2.8086956521739133,1.0950472589792069,4.636120401337793,0.39868547331685367,11.265903890160184,0.22274247491638796,2.9043478260869566,1.2178449905482043,0.05389221556886228,18,0.8021978021978022,True
2.8086956521739133,1.0950472589792069,4.664214046822742,0.4029431438127092,10.97818459191457,0.2187290969899666,2.9043478260869566,1.2178449905482043,0.05389221556886228,18,0.8021978021978022,True
2.8086956521739133,1.0950472589792069,4.674916387959866,0.3787930783771993,10.822578184591915,0.22073578595317728,2.9043478260869566,1.2178449905482043,0.05389221556886228,18,0.7802197802197802,True
2.8086956521739133,1.0950472589792069,4.6869565217391305,0.3974291115311905,10.576964149504196,0.21672240802675585,2.9043478260869566,1.2178449905482043,0.05389221556886228,18,0.8021978021978022,True
2.8086956521739133,1.0950472589792069,4.665551839464883,0.37807183364839364,11.089549961861175,0.21672240802675585,2.9043478260869566,1.2178449905482043,0.05389221556886228,18,0.8021978021978022,True
2.8086956521739133,1.0950472589792069,4.68561872909699,0.3881925258106733,10.574218154080855,0.22073578595317728,2.9043478260869566,1.2178449905482043,0.05389221556886228,18,0.8021978021978022,True
2.8086956521739133,1.0950472589792069,4.65819397993311,0.39233386651156055,10.81159420289855,0.2247491638795987,2.9043478260869566,1.2178449905482043,0.05389221556886228,18,0.7802197802197802,True
2.8086956521739133,1.0950472589792069,4.671571906354515,0.3884019194416171,10.52692601067887,0.2247491638795987,2.9043478260869566,1.2178449905482043,0.05389221556886228,18,0.7802197802197802,True
2.8086956521739133,1.0950472589792069,4.641471571906354,0.36788134360913194,11.385507246376811,0.21872909698996654,2.9043478260869566,1.2178449905482043,0.05389221556886228,18,0.7802197802197802,True
2.8086956521739133,1.0950472589792069,4.676254180602006,0.3884949832775916,10.58001525553013,0.22274247491638796,2.9043478260869566,1.2178449905482043,0.05389221556886228,18,0.7802197802197802,True
2.8086956521739133,1.0950472589792069,4.673578595317725,0.40305947360767813,10.55255530129672,0.22274247491638796,2.9043478260869566,1.2178449905482043,0.05389221556886228,18,0.8021978021978022,True
2.8086956521739133,1.0950472589792069,4.670903010033444,0.38346953613494245,10.866819221967964,0.2187290969899666,2.9043478260869566,1.2178449905482043,0.05389221556886228,18,0.8021978021978022,True
2.8086956521739133,1.0950472589792069,4.648160535117057,0.3854936745673988,11.35530129672006,0.22274247491638796,2.9043478260869566,1.2178449905482043,0.05389221556886228,18,0.8021978021978022,True
2.8086956521739133,1.0950472589792069,4.678929765886288,0.37411662061945633,10.65720823798627,0.22274247491638796,2.9043478260869566,1.2178449905482043,0.05389221556886228,18,0.7802197802197802,True
2.8086956521739133,1.0950472589792069,4.654180602006689,0.39694052639232197,10.744469870327993,0.22073578595317725,2.9043478260869566,1.2178449905482043,0.05389221556886228,18,0.7802197802197802,True
2.8086956521739133,1.0950472589792069,4.616722408026756,0.3866104405990982,11.621662852784134,0.22274247491638796,2.9043478260869566,1.2178449905482043,0.05389221556886228,18,0.7802197802197802,True
2.8086956521739133,1.0950472589792069,4.681605351170568,0.3931481750763419,10.557742181540808,0.22073578595317725,2.9043478260869566,1.2178449905482043,0.05389221556886228,18,0.7802197802197802,True
2.8086956521739133,1.0950472589792069,4.649498327759198,0.39621928166351633,11.456598016781083,0.21872909698996654,2.9043478260869566,1.2178449905482043,0.05389221556886228,18,0.8021978021978022,True
2.8086956521739133,1.0950472589792069,4.636789297658863,0.40426930347535217,11.313806254767353,0.21672240802675588,2.9043478260869566,1.2178449905482043,0.05389221556886228,18,0.7802197802197802,True
2.8086956521739133,1.0950472589792069,4.614046822742474,0.4027337501817657,11.320213577421816,0.22474916387959867,2.9043478260869566,1.2178449905482043,0.05389221556886228,18,0.7802197802197802,True
2.8086956521739133,1.0950472589792069,4.680267558528429,0.3836789297658866,10.299008390541571,0.2247491638795987,2.9043478260869566,1.2178449905482043,0.05389221556886228,18,0.7802197802197802,True
2.8086956521739133,1.0950472589792069,4.6287625418060205,0.41320343172895185,11.452326468344776,0.21672240802675588,2.9043478260869566,1.2178449905482043,0.05389221556886228,18,0.8021978021978022,True
2.8086956521739133,1.0950472589792069,4.671571906354515,0.38840191944161717,10.522959572845156,0.22274247491638796,2.9043478260869566,1.2178449905482043,0.05389221556886228,18,0.8021978021978022,True
2.8086956521739133,1.0950472589792069,4.666889632107023,0.3881459938926862,10.821967963386728,0.22073578595317728,2.9043478260869566,1.2178449905482043,0.05389221556886228,18,0.8021978021978022,True
2.8086956521739133,1.0950472589792069,4.6401337792642146,0.39428820706703455,11.302212051868802,0.21672240802675588,2.9043478260869566,1.2178449905482043,0.05389221556886228,18,0.7802197802197802,True
2.8086956521739133,1.0950472589792069,4.631438127090301,0.39740584557219705,11.830968726163235,0.2187290969899666,2.9043478260869566,1.2178449905482043,0.05389221556886228,18,0.8021978021978022,True
2.8086956521739133,1.0950472589792069,4.620735785953177,0.4221375599825503,11.541113653699465,0.222742474916388,2.9043478260869566,1.2178449905482043,0.05389221556886228,18,0.8021978021978022,True
2.8086956521739133,1.0950472589792069,4.6869565217391305,0.3974291115311905,10.258733790999237,0.21872909698996654,2.9043478260869566,1.2178449905482043,0.05389221556886228,18,0.8021978021978022,True
2.8086956521739133,1.0950472589792069,4.667558528428093,0.39314817507634126,10.851868802440885,0.2187290969899666,2.9043478260869566,1.2178449905482043,0.05389221556886228,18,0.7802197802197802,True
2.8086956521739133,1.0950472589792069,4.719732441471572,0.36069216228006445,9.640274599542334,0.2247491638795987,2.9043478260869566,1.2178449905482043,0.05389221556886228,18,0.8021978021978022,True
2.8086956521739133,1.0950472589792069,4.679598662207358,0.37890940817216834,10.504958047292144,0.2187290969899666,2.9043478260869566,1.2178449905482043,0.05389221556886228,18,0.8021978021978022,True
2.8086956521739133,1.0950472589792069,4.681605351170568,0.3931481750763418,10.240122044241037,0.22274247491638796,2.9043478260869566,1.2178449905482043,0.05389221556886228,18,0.8021978021978022,True
2.8086956521739133,1.0950472589792069,4.6749163879598665,0.3787930783771988,10.687109077040427,0.21872909698996654,2.9043478260869566,1.2178449905482043,0.05389221556886228,18,0.8021978021978022,True
2.8086956521739133,1.0950472589792069,4.618729096989967,0.40447869710629664,11.660717009916095,0.22274247491638796,2.9043478260869566,1.2178449905482043,0.05389221556886228,18,0.8021978021978022,True
2.8086956521739133,1.0950472589792069,4.676923076923076,0.39331103678929824,10.631884057971014,0.22073578595317728,2.9043478260869566,1.2178449905482043,0.05389221556886228,18,0.8021978021978022,True
2.8086956521739133,1.0950472589792069,4.628093645484951,0.407480005816489,11.544469870327994,0.2247491638795987,2.9043478260869566,1.2178449905482043,0.05389221556886228,18,0.8021978021978022,True
2.8086956521739133,1.0950472589792069,4.666220735785953,0.3831205467500364,10.739893211289091,0.2187290969899666,2.9043478260869566,1.2178449905482043,0.05389221556886228,18,0.8021978021978022,True
2.8086956521739133,1.0950472589792069,4.636120401337793,0.3986854733168535,11.215560640732265,0.222742474916388,2.9043478260869566,1.2178449905482043,0.05389221556886228,18,0.8021978021978022,True
2.8086956521739133,1.0950472589792069,4.654180602006689,0.39694052639232197,10.994660564454614,0.22073578595317728,2.9043478260869566,1.2178449905482043,0.05389221556886228,18,0.8021978021978022,True
2.8086956521739133,1.0950472589792069,4.644816053511706,0.39533517522175404,11.159725400457665,0.2187290969899666,2.9043478260869566,1.2178449905482043,0.05389221556886228,18,0.7802197802197802,True
2.8086956521739133,1.0950472589792069,4.719732441471572,0.3606921622800644,9.662852784134248,0.22274247491638796,2.9043478260869566,1.2178449905482043,0.05389221556886228,18,0.7802197802197802,True
2.8086956521739133,1.0950472589792069,4.670903010033445,0.3834695361349429,10.705415713196034,0.22073578595317728,2.9043478260869566,1.2178449905482043,0.05389221556886228,18,0.7802197802197802,True
2.8086956521739133,1.0950472589792069,4.68561872909699,0.38819252581067326,10.496109839816933,0.21872909698996654,2.9043478260869566,1.2178449905482043,0.05389221556886228,18,0.8021978021978022,True
2.8086956521739133,1.0950472589792069,4.619397993311037,0.41038825069070806,11.298855835240275,0.2247491638795987,2.9043478260869566,1.2178449905482043,0.05389221556886228,18,0.7802197802197802,True
2.8086956521739133,1.0950472589792069,4.639464882943144,0.3887509088265229,11.260411899313501,0.22675585284280936,2.9043478260869566,1.2178449905482043,0.05389221556886228,18,0.8021978021978022,True
2.8086956521739133,1.0950472589792069,4.660869565217391,0.3774669187145562,10.828985507246378,0.22073578595317725,2.9043478260869566,1.2178449905482043,0.05389221556886228,18,0.8021978021978022,True
2.8086956521739133,1.0950472589792069,4.636789297658862,0.4042693034753527,11.289702517162471,0.2247491638795987,2.9043478260869566,1.2178449905482043,0.05389221556886228,18,0.8021978021978022,True
2.8086956521739133,1.0950472589792069,4.6581939799331105,0.39233386651156055,11.124942791762013,0.22274247491638796,2.9043478260869566,1.2178449905482043,0.05389221556886228,18,0.8021978021978022,True
2.8086956521739133,1.0950472589792069,4.632775919732441,0.40873636760215226,11.365980167810832,0.2247491638795987,2.9043478260869566,1.2178449905482043,0.05389221556886228,18,0.8021978021978022,True
2.8086956521739133,1.0950472589792069,4.641471571906354,0.40529300567107734,11.369946605644547,0.22073578595317728,2.9043478260869566,1.2178449905482043,0.05389221556886228,18,0.7802197802197802,True
2.8086956521739133,1.0950472589792069,4.632107023411371,0.40308273956667123,11.483447749809306,0.22274247491638796,2.9043478260869566,1.2178449905482043,0.05389221556886228,18,0.8021978021978022,True
2.8086956521739133,1.0950472589792069,4.676254180602006,0.3884949832775915,10.427765064836002,0.22274247491638796,2.9043478260869566,1.2178449905482043,0.05389221556886228,18,0.8021978021978022,True
2.8086956521739133,1.0950472589792069,4.6809364548494985,0.3884251854006106,10.645003813882532,0.22073578595317728,2.9043478260869566,1.2178449905482043,0.05389221556886228,18,0.8021978021978022,True
2.8086956521739133,1.0950472589792069,4.65484949832776,0.4021753671659148,10.915942028985507,0.22073578595317728,2.9043478260869566,1.2178449905482043,0.05389221556886228,18,0.8021978021978022,True
2.8086956521739133,1.0950472589792069,4.680267558528429,0.3836789297658866,10.58001525553013,0.222742474916388,2.9043478260869566,1.2178449905482043,0.05389221556886228,18,0.7802197802197802,True
2.8086956521739133,1.0950472589792069,4.670234113712374,0.3785138868692741,10.865293668954996,0.222742474916388,2.9043478260869566,1.2178449905482043,0.05389221556886228,18,0.8021978021978022,True
2.8086956521739133,1.0950472589792069,4.6521739130434785,0.38109640831758074,10.97025171624714,0.22073578595317725,2.9043478260869566,1.2178449905482043,0.05389221556886228,18,0.8021978021978022,True
2.8086956521739133,1.0950472589792069,4.671571906354514,0.38840191944161695,10.650190694126621,0.22073578595317728,2.9043478260869566,1.2178449905482043,0.05389221556886228,18,0.8021978021978022,True
2.8086956521739133,1.0950472589792069,4.668227424749164,0.39812709030100385,10.684057971014493,0.22274247491638796,2.9043478260869566,1.2178449905482043,0.05389221556886228,18,0.8021978021978022,True
2.8086956521739133,1.0950472589792069,4.663545150501672,0.39789443071106584,10.803966437833715,0.22073578595317728,2.9043478260869566,1.2178449905482043,0.05389221556886228,18,0.8021978021978022,True
2.8086956521739133,1.0950472589792069,4.654180602006688,0.39694052639232186,11.41815408085431,0.2187290969899666,2.9043478260869566,1.2178449905482043,0.05389221556886228,18,0.8021978021978022,True
2.8086956521739133,1.0950472589792069,4.650836120401338,0.40685182492365896,10.98093058733791,0.2247491638795987,2.9043478260869566,1.2178449905482043,0.05389221556886228,18,0.8021978021978022,True
2.8086956521739133,1.0950472589792069,4.650167224080267,0.40154718627308417,11.147520976353928,0.2187290969899666,2.9043478260869566,1.2178449905482043,0.05389221556886228,18,0.7802197802197802,True
2.8086956521739133,1.0950472589792069,4.672240802675585,0.39331103678929735,10.691685736079329,0.22073578595317728,2.9043478260869566,1.2178449905482043,0.05389221556886228,18,0.8021978021978022,True
2.8086956521739133,1.0950472589792069,4.676254180602006,0.3884949832775917,10.78932112890923,0.2247491638795987,2.9043478260869566,1.2178449905482043,0.05389221556886228,18,0.7802197802197802,True
2.8086956521739133,1.0950472589792069,4.6749163879598665,0.3787930783771988,10.64042715484363,0.22274247491638796,2.9043478260869566,1.2178449905482043,0.05389221556886228,18,0.8021978021978022,True
2.8086956521739133,1.0950472589792069,4.637458193979933,0.4098298676748586,11.142944317315028,0.22474916387959867,2.9043478260869566,1.2178449905482043,0.05389221556886228,18,0.8021978021978022,True
2.8086956521739133,1.0950472589792069,4.65685618729097,0.38193398284135543,10.969031273836766,0.22274247491638796,2.9043478260869566,1.2178449905482043,0.05389221556886228,18,0.8021978021978022,True
2.8086956521739133,1.0950472589792069,4.667558528428093,0.3931481750763414,10.836918382913806,0.22073578595317728,2.9043478260869566,1.2178449905482043,0.05389221556886228,18,0.7802197802197802,True
2.8086956521739133,1.0950472589792069,4.636789297658863,0.40426930347535206,11.551792524790237,0.22474916387959867,2.9043478260869566,1.2178449905482043,0.05389221556886228,18,0.8021978021978022,True
2.8086956521739133,1.0950472589792069,4.65685618729097,0.3819339828413555,10.880244088482074,0.22274247491638796,2.9043478260869566,1.2178449905482043,0.05389221556886228,18,0.7802197802197802,True
2.8086956521739133,1.0950472589792069,4.632107023411372,0.4030827395666716,11.565827612509535,0.2247491638795987,2.9043478260869566,1.2178449905482043,0.05389221556886228,18,0.8021978021978022,True
2.8086956521739133,1.0950472589792069,4.679598662207358,0.37890940817216795,10.535774218154081,0.2247491638795987,2.9043478260869566,1.2178449905482043,0.05389221556886228,18,0.8021978021978022,True
2.8086956521739133,1.0950472589792069,4.68561872909699,0.3881925258106733,10.443325705568268,0.22274247491638796,2.9043478260869566,1.2178449905482043,0.05389221556886228,18,0.8021978021978022,True
2.8086956521739133,1.0950472589792069,4.636789297658862,0.40426930347535245,11.02883295194508,0.22274247491638796,2.9043478260869566,1.2178449905482043,0.05389221556886228,18,0.8021978021978022,True
2.8086956521739133,1.0950472589792069,4.664214046822742,0.4029431438127092,10.891228070175439,0.22274247491638796,2.9043478260869566,1.2178449905482043,0.05389221556886228,18,0.8021978021978022,True
2.8086956521739133,1.0950472589792069,4.680267558528428,0.3836789297658865,10.371014492753623,0.22274247491638796,2.9043478260869566,1.2178449905482043,0.05389221556886228,18,0.7802197802197802,True
2.8086956521739133,1.0950472589792069,4.6642140468227415,0.40294314381270896,10.812509534706331,0.22274247491638796,2.9043478260869566,1.2178449905482043,0.05389221556886228,18,0.8021978021978022,True
2.8086956521739133,1.0950472589792069,4.671571906354515,0.3884019194416171,10.869260106788712,0.22073578595317728,2.9043478260869566,1.2178449905482043,0.05389221556886228,18,0.8021978021978022,True
2.8086956521739133,1.0950472589792069,4.6635451505016725,0.3978944307110653,10.996186117467582,0.22073578595317725,2.9043478260869566,1.2178449905482043,0.05389221556886228,18,0.7802197802197802,True
2.8086956521739133,1.0950472589792069,4.592642140468228,0.41090010178857045,12.10465293668955,0.22675585284280936,2.9043478260869566,1.2178449905482043,0.05389221556886228,18,0.8021978021978022,True
2.8086956521739133,1.0950472589792069,4.632107023411371,0.4030827395666713,11.489855072463769,0.22274247491638796,2.9043478260869566,1.2178449905482043,0.05389221556886228,18,0.8021978021978022,True
2.8086956521739133,1.0950472589792069,4.719063545150501,0.3566671513741457,9.900533943554539,0.22274247491638796,2.9043478260869566,1.2178449905482043,0.05389221556886228,18,0.7802197802197802,True
2.8086956521739133,1.0950472589792069,4.6314381270903,0.39740584557219766,11.739740655987795,0.22274247491638796,2.9043478260869566,1.2178449905482043,0.05389221556886228,18,0.8021978021978022,True
2.8086956521739133,1.0950472589792069,4.614715719063544,0.40873636760215193,11.429748283752861,0.22274247491638796,2.9043478260869566,1.2178449905482043,0.05389221556886228,18,0.7802197802197802,True
2.8086956521739133,1.0950472589792069,4.711036789297658,0.3668576414134073,9.986270022883295,0.22274247491638796,2.9043478260869566,1.2178449905482043,0.05389221556886228,18,0.8021978021978022,True
2.8086956521739133,1.0950472589792069,4.68428093645485,0.37886287625418047,10.232799389778794,0.22675585284280936,2.9043478260869566,1.2178449905482043,0.05389221556886228,18,0.7802197802197802,True
2.8086956521739133,1.0950472589792069,4.620735785953177,0.4221375599825503,11.682684973302822,0.22474916387959867,2.9043478260869566,1.2178449905482043,0.05389221556886228,18,0.8021978021978022,True
2.8086956521739133,1.0950472589792069,4.614046822742475,0.4027337501817655,11.53623188405797,0.21872909698996654,2.9043478260869566,1.2178449905482043,0.05389221556886228,18,0.7802197802197802,True
2.8086956521739133,1.0950472589792069,4.604682274247492,0.39875527119383436,11.815713196033562,0.21872909698996654,2.9043478260869566,1.2178449905482043,0.05389221556886228,18,0.8021978021978022,True
2.8086956521739133,1.0950472589792069,4.645484949832777,0.4007561436672965,11.17070938215103,0.22073578595317728,2.9043478260869566,1.2178449905482043,0.05389221556886228,18,0.8021978021978022,True
2.8086956521739133,1.0950472589792069,4.635451505016722,0.39307837719936006,11.244546147978642,0.22274247491638796,2.9043478260869566,1.2178449905482043,0.05389221556886228,18,0.7802197802197802,True
2.8086956521739133,1.0950472589792069,4.641471571906355,0.40529300567107734,11.20884820747521,0.22073578595317725,2.9043478260869566,1.2178449905482043,0.05389221556886228,18,0.8021978021978022,True
2.8086956521739133,1.0950472589792069,4.639464882943144,0.38875090882652297,11.484363081617087,0.21872909698996654,2.9043478260869566,1.2178449905482043,0.05389221556886228,18,0.8021978021978022,True
2.8086956521739133,1.0950472589792069,4.624080267558528,0.4118772720663079,11.267124332570557,0.22274247491638796,2.9043478260869566,1.2178449905482043,0.05389221556886228,18,0.8021978021978022,True
2.8086956521739133,1.0950472589792069,4.614715719063544,0.40873636760215193,11.595423340961098,0.22073578595317728,2.9043478260869566,1.2178449905482043,0.05389221556886228,18,0.8021978021978022,True
2.8086956521739133,1.0950472589792069,4.68561872909699,0.3881925258106733,10.48604118993135,0.2247491638795987,2.9043478260869566,1.2178449905482043,0.05389221556886228,18,0.8021978021978022,True
2.8086956521739133,1.0950472589792069,4.654180602006689,0.39694052639232197,11.298245614035087,0.21872909698996654,2.9043478260869566,1.2178449905482043,0.05389221556886228,18,0.7802197802197802,True
2.8086956521739133,1.0950472589792069,4.662207357859532,0.3877272066307982,11.127993897787949,0.21471571906354517,2.9043478260869566,1.2178449905482043,0.05389221556886228,18,0.8021978021978022,True
2.8086956521739133,1.0950472589792069,4.707023411371238,0.37195288643303726,10.404271548436308,0.22073578595317725,2.9043478260869566,1.2178449905482043,0.05389221556886228,18,0.8021978021978022,True
2.8086956521739133,1.0950472589792069,4.591973244147157,0.40447869710629664,12.200152555301297,0.2187290969899666,2.9043478260869566,1.2178449905482043,0.05389221556886228,18,0.8021978021978022,True
2.8086956521739133,1.0950472589792069,4.595317725752508,0.39412534535407906,12.066209000762777,0.22073578595317725,2.9043478260869566,1.2178449905482043,0.05389221556886228,18,0.8021978021978022,True
2.8086956521739133,1.0950472589792069,4.672240802675586,0.3933110367892973,10.996186117467582,0.2187290969899666,2.9043478260869566,1.2178449905482043,0.05389221556886228,18,0.8021978021978022,True
2.8086956521739133,1.0950472589792069,4.683612040133779,0.37416315253744303,10.33073989321129,0.22274247491638796,2.9043478260869566,1.2178449905482043,0.05389221556886228,18,0.7802197802197802,True
2.8086956521739133,1.0950472589792069,4.653511705685619,0.39168241965973516,11.018764302059497,0.22073578595317725,2.9043478260869566,1.2178449905482043,0.05389221556886228,18,0.8021978021978022,True
2.8086956521739133,1.0950472589792069,4.675585284280936,0.3836556638068931,10.664530892448512,0.22073578595317728,2.9043478260869566,1.2178449905482043,0.05389221556886228,18,0.7802197802197802,True
2.8086956521739133,1.0950472589792069,4.667558528428094,0.39314817507634114,10.538825324180015,0.22073578595317728,2.9043478260869566,1.2178449905482043,0.05389221556886228,18,0.7802197802197802,True
2.8086956521739133,1.0950472589792069,4.62675585284281,0.39596335611458466,11.733638443935927,0.22073578595317728,2.9043478260869566,1.2178449905482043,0.05389221556886228,18,0.8021978021978022,True
2.8086956521739133,1.0950472589792069,4.664214046822742,0.4029431438127092,10.727078565980168,0.22274247491638796,2.9043478260869566,1.2178449905482043,0.05389221556886228,18,0.8021978021978022,True
2.8086956521739133,1.0950472589792069,4.672240802675586,0.3933110367892973,10.872616323417239,0.22274247491638796,2.9043478260869566,1.2178449905482043,0.05389221556886228,18,0.7802197802197802,True
2.8086956521739133,1.0950472589792069,4.672909698996654,0.3981968881779846,10.673684210526316,0.22274247491638796,2.9043478260869566,1.2178449905482043,0.05389221556886228,18,0.8021978021978022,True
2.8086956521739133,1.0950472589792069,4.6809364548494985,0.3884251854006106,10.551334858886346,0.22073578595317728,2.9043478260869566,1.2178449905482043,0.05389221556886228,18,0.8021978021978022,True
2.8086956521739133,1.0950472589792069,4.667558528428094,0.393148175076341,10.647749809305873,0.22474916387959867,2.9043478260869566,1.2178449905482043,0.05389221556886228,18,0.8021978021978022,True
2.8086956521739133,1.0950472589792069,4.612709030100334,0.3906587174640108,11.68421052631579,0.22073578595317728,2.9043478260869566,1.2178449905482043,0.05389221556886228,18,0.8021978021978022,True
2.8086956521739133,1.0950472589792069,4.619397993311037,0.410388250690708,11.699160945842868,0.22274247491638796,2.9043478260869566,1.2178449905482043,0.05389221556886228,18,0.7802197802197802,True
2.8086956521739133,1.0950472589792069,4.619397993311037,0.4103882506907079,11.697025171624714,0.22274247491638796,2.9043478260869566,1.2178449905482043,0.05389221556886228,18,0.8021978021978022,True
2.8086956521739133,1.0950472589792069,4.622742474916389,0.4002210266104405,11.883142639206712,0.2187290969899666,2.9043478260869566,1.2178449905482043,0.05389221556886228,18,0.8021978021978022,True
2.8086956521739133,1.0950472589792069,4.632107023411371,0.4030827395666714,11.467581998474447,0.22274247491638796,2.9043478260869566,1.2178449905482043,0.05389221556886228,18,0.8021978021978022,True
2.8086956521739133,1.0950472589792069,4.649498327759197,0.3962192816635163,11.17070938215103,0.21872909698996654,2.9043478260869566,1.2178449905482043,0.05389221556886228,18,0.8021978021978022,True
2.8086956521739133,1.0950472589792069,4.689632107023412,0.3832368765450043,10.574523264683448,0.2187290969899666,2.9043478260869566,1.2178449905482043,0.05389221556886228,18,0.8021978021978022,True
2.8086956521739133,1.0950472589792069,4.6173913043478265,0.3925897920604917,11.834630053394356,0.2247491638795987,2.9043478260869566,1.2178449905482043,0.05389221556886228,18,0.8021978021978022,True
2.8086956521739133,1.0950472589792069,4.62675585284281,0.3959633561145846,11.890770404271548,0.22073578595317728,2.9043478260869566,1.2178449905482043,0.05389221556886228,18,0.8021978021978022,True
2.8086956521739133,1.0950472589792069,4.674916387959866,0.3787930783771993,10.850343249427917,0.22073578595317728,2.9043478260869566,1.2178449905482043,0.05389221556886228,18,0.8021978021978022,True
2.8086956521739133,1.0950472589792069,4.672240802675586,0.3933110367892975,10.527231121281465,0.22474916387959867,2.9043478260869566,1.2178449905482043,0.05389221556886228,18,0.8021978021978022,True
2.8086956521739133,1.0950472589792069,4.6314381270903,0.3974058455721976,11.461174675819985,0.2187290969899666,2.9043478260869566,1.2178449905482043,0.05389221556886228,18,0.8021978021978022,True
2.8086956521739133,1.0950472589792069,4.637458193979933,0.4098298676748585,11.415102974828375,0.2187290969899666,2.9043478260869566,1.2178449905482043,0.05389221556886228,18,0.8021978021978022,True
2.8086956521739133,1.0950472589792069,4.663545150501672,0.397894430711066,10.59862700228833,0.21872909698996654,2.9043478260869566,1.2178449905482043,0.05389221556886228,18,0.7802197802197802,True
2.8086956521739133,1.0950472589792069,4.633444816053512,0.41436672967863913,11.482532418001526,0.22073578595317728,2.9043478260869566,1.2178449905482043,0.05389221556886228,18,0.8021978021978022,True
2.8086956521739133,1.0950472589792069,4.62742474916388,0.4017333139450345,11.711365369946606,0.22274247491638796,2.9043478260869566,1.2178449905482043,0.05389221556886228,18,0.8021978021978022,True
2.8086956521739133,1.0950472589792069,4.65685618729097,0.38193398284135543,10.673379099923721,0.22474916387959867,2.9043478260869566,1.2178449905482043,0.05389221556886228,18,0.7802197802197802,True
2.8086956521739133,1.0950472589792069,4.666889632107023,0.3881459938926862,10.519298245614035,0.22274247491638796,2.9043478260869566,1.2178449905482043,0.05389221556886228,18,0.8021978021978022,True
2.8086956521739133,1.0950472589792069,4.706354515050168,0.3676952159371817,10.123569794050344,0.22274247491638796,2.9043478260869566,1.2178449905482043,0.05389221556886228,18,0.8021978021978022,True
2.8086956521739133,1.0950472589792069,4.638795986622074,0.3831903446270175,11.589931350114416,0.22073578595317728,2.9043478260869566,1.2178449905482043,0.05389221556886228,18,0.8021978021978022,True
2.8086956521739133,1.0950472589792069,4.6575250836120405,0.38714555765595443,11.02090007627765,0.22073578595317728,2.9043478260869566,1.2178449905482043,0.05389221556886228,18,0.8021978021978022,True
2.8086956521739133,1.0950472589792069,4.640802675585284,0.3998022393485529,11.300076277650648,0.22073578595317728,2.9043478260869566,1.2178449905482043,0.05389221556886228,18,0.8021978021978022,True
2.8086956521739133,1.0950472589792069,4.680267558528429,0.3836789297658866,10.573607932875667,0.22073578595317725,2.9043478260869566,1.2178449905482043,0.05389221556886228,18,0.8021978021978022,True
2.8086956521739133,1.0950472589792069,4.62742474916388,0.40173331394503453,11.563996948893974,0.22073578595317725,2.9043478260869566,1.2178449905482043,0.05389221556886228,18,0.8021978021978022,True
2.8086956521739133,1.0950472589792069,4.654180602006689,0.39694052639232197,11.171014492753622,0.22073578595317725,2.9043478260869566,1.2178449905482043,0.05389221556886228,18,0.8021978021978022,True
2.8086956521739133,1.0950472589792069,4.62675585284281,0.3959633561145846,11.751334858886347,0.22675585284280936,2.9043478260869566,1.2178449905482043,0.05389221556886228,18,0.7802197802197802,True
2.8086956521739133,1.0950472589792069,4.618729096989967,0.40447869710629664,11.544164759725401,0.22474916387959867,2.9043478260869566,1.2178449905482043,0.05389221556886228,18,0.8021978021978022,True
2.8086956521739133,1.0950472589792069,4.641471571906354,0.40529300567107795,11.214340198321892,0.22474916387959867,2.9043478260869566,1.2178449905482043,0.05389221556886228,18,0.8021978021978022,True
2.8086956521739133,1.0950472589792069,4.662876254180603,0.392822451650429,10.965369946605644,0.2187290969899666,2.9043478260869566,1.2178449905482043,0.05389221556886228,18,0.7802197802197802,True
2.8086956521739133,1.0950472589792069,4.649498327759197,0.3962192816635163,11.319603356216628,0.22474916387959867,2.9043478260869566,1.2178449905482043,0.05389221556886228,18,0.8021978021978022,True
2.8086956521739133,1.0950472589792069,4.666220735785953,0.3831205467500361,10.793287566742944,0.22073578595317725,2.9043478260869566,1.2178449905482043,0.05389221556886228,18,0.7802197802197802,True
2.8086956521739133,1.0950472589792069,4.652842809364548,0.3864010469681544,10.932723112128146,0.22073578595317728,2.9043478260869566,1.2178449905482043,0.05389221556886228,18,0.8021978021978022,True
2.8086956521739133,1.0950472589792069,4.648829431438126,0.3908681110949543,11.052631578947368,0.22274247491638796,2.9043478260869566,1.2178449905482043,0.05389221556886228,18,0.8021978021978022,True
2.8086956521739133,1.0950472589792069,4.654180602006689,0.3969405263923219,11.11853546910755,0.2247491638795987,2.9043478260869566,1.2178449905482043,0.05389221556886228,18,0.8021978021978022,True
2.8086956521739133,1.0950472589792069,4.683612040133779,0.37416315253744326,10.738977879481311,0.222742474916388,2.9043478260869566,1.2178449905482043,0.05389221556886228,18,0.8021978021978022,True
2.8086956521739133,1.0950472589792069,4.670903010033445,0.38346953613494267,10.867734553775744,0.2187290969899666,2.9043478260869566,1.2178449905482043,0.05389221556886228,18,0.8021978021978022,True
2.8086956521739133,1.0950472589792069,4.688963210702342,0.3786534826232372,10.388405797101449,0.22073578595317725,2.9043478260869566,1.2178449905482043,0.05389221556886228,18,0.8021978021978022,True
2.8086956521739133,1.0950472589792069,4.653511705685619,0.39168241965973516,11.181693363844394,0.22073578595317728,2.9043478260869566,1.2178449905482043,0.05389221556886228,18,0.8021978021978022,True
2.8086956521739133,1.0950472589792069,4.65819397993311,0.3923338665115606,10.872006102212051,0.22274247491638796,2.9043478260869566,1.2178449905482043,0.05389221556886228,18,0.8021978021978022,True
2.8086956521739133,1.0950472589792069,4.676254180602006,0.3884949832775917,10.423188405797102,0.2247491638795987,2.9043478260869566,1.2178449905482043,0.05389221556886228,18,0.7802197802197802,True
2.8086956521739133,1.0950472589792069,4.6347826086956525,0.3874480151228737,11.617086193745232,0.22073578595317725,2.9043478260869566,1.2178449905482043,0.05389221556886228,18,0.8021978021978022,True
2.8086956521739133,1.0950472589792069,4.63010033444816,0.38598225970626754,11.234477498093058,0.22274247491638796,2.9043478260869566,1.2178449905482043,0.05389221556886228,18,0.7802197802197802,True
2.8086956521739133,1.0950472589792069,4.697658862876255,0.3733255780136691,10.308161708619375,0.2247491638795987,2.9043478260869566,1.2178449905482043,0.05389221556886228,18,0.8021978021978022,True
2.8086956521739133,1.0950472589792069,4.680267558528429,0.3836789297658866,10.879328756674294,0.21872909698996654,2.9043478260869566,1.2178449905482043,0.05389221556886228,18,0.8021978021978022,True
2.8086956521739133,1.0950472589792069,4.6461538461538465,0.4061538461538461,11.254004576659039,0.22274247491638796,2.9043478260869566,1.2178449905482043,0.05389221556886228,18,0.8021978021978022,True
2.8086956521739133,1.0950472589792069,4.648829431438127,0.3908681110949537,10.917772692601067,0.222742474916388,2.9043478260869566,1.2178449905482043,0.05389221556886228,18,0.7802197802197802,True
2.8086956521739133,1.0950472589792069,4.619397993311037,0.410388250690708,11.44286803966438,0.22274247491638796,2.9043478260869566,1.2178449905482043,0.05389221556886228,18,0.8021978021978022,True
2.8086956521739133,1.0950472589792069,4.6635451505016725,0.3978944307110653,10.897635392829901,0.22073578595317728,2.9043478260869566,1.2178449905482043,0.05389221556886228,18,0.8021978021978022,True
2.8086956521739133,1.0950472589792069,4.666889632107023,0.3881459938926862,11.351945080091534,0.22274247491638796,2.9043478260869566,1.2178449905482043,0.05389221556886228,18,0.8021978021978022,True
2.8086956521739133,1.0950472589792069,4.606020066889632,0.41110949541951414,11.706178489702516,0.22274247491638796,2.9043478260869566,1.2178449905482043,0.05389221556886228,18,0.8021978021978022,True
2.8086956521739133,1.0950472589792069,4.6314381270903,0.39740584557219766,11.237833714721587,0.22274247491638796,2.9043478260869566,1.2178449905482043,0.05389221556886228,18,0.8021978021978022,True
2.8086956521739133,1.0950472589792069,4.701672240802675,0.36836992874800084,10.140961098398169,0.22073578595317725,2.9043478260869566,1.2178449905482043,0.05389221556886228,18,0.7802197802197802,True
2.8086956521739133,1.0950472589792069,4.646153846153846,0.4061538461538467,11.370556826849732,0.22073578595317728,2.9043478260869566,1.2178449905482043,0.05389221556886228,18,0.7802197802197802,True
2.8086956521739133,1.0950472589792069,4.638127090301003,0.37760651446851784,11.300686498855836,0.22073578595317728,2.9043478260869566,1.2178449905482043,0.05389221556886228,18,0.8021978021978022,True
2.8086956521739133,1.0950472589792069,4.660200668896321,0.40775919732441424,10.72463768115942,0.22274247491638796,2.9043478260869566,1.2178449905482043,0.05389221556886228,18,0.7802197802197802,True
2.8086956521739133,1.0950472589792069,4.65953177257525,0.40264068634579075,11.389473684210527,0.22274247491638796,2.9043478260869566,1.2178449905482043,0.05389221556886228,18,0.8021978021978022,True
2.8086956521739133,1.0950472589792069,4.649498327759198,0.39621928166351633,11.229595728451564,0.22474916387959867,2.9043478260869566,1.2178449905482043,0.05389221556886228,18,0.8021978021978022,True
2.8086956521739133,1.0950472589792069,4.6006688963210705,0.4028035480587463,12.196186117467581,0.22073578595317728,2.9043478260869566,1.2178449905482043,0.05389221556886228,18,0.8021978021978022,True
2.8086956521739133,1.0950472589792069,4.649498327759198,0.39621928166351633,11.366895499618611,0.22274247491638796,2.9043478260869566,1.2178449905482043,0.05389221556886228,18,0.8021978021978022,True
2.8086956521739133,1.0950472589792069,4.640133779264214,0.3942882070670352,11.199084668192219,0.22073578595317728,2.9043478260869566,1.2178449905482043,0.05389221556886228,18,0.7802197802197802,True
2.8086956521739133,1.0950472589792069,4.631438127090301,0.3974058455721971,11.248512585812357,0.22274247491638796,2.9043478260869566,1.2178449905482043,0.05389221556886228,18,0.8021978021978022,True
2.8086956521739133,1.0950472589792069,4.68896321070234,0.3786534826232372,10.095194508009154,0.22675585284280936,2.9043478260869566,1.2178449905482043,0.05389221556886228,18,0.8021978021978022,True
2.8086956521739133,1.0950472589792069,4.676923076923076,0.3933110367892983,10.46468344774981,0.22474916387959867,2.9043478260869566,1.2178449905482043,0.05389221556886228,18,0.8021978021978022,True
2.8086956521739133,1.0950472589792069,4.682943143812709,0.3694401628617134,10.711823035850497,0.21872909698996654,2.9043478260869566,1.2178449905482043,0.05389221556886228,18,0.8021978021978022,True
2.8086956521739133,1.0950472589792069,4.681605351170568,0.3931481750763418,10.548588863463005,0.21872909698996654,2.9043478260869566,1.2178449905482043,0.05389221556886228,18,0.8021978021978022,True
2.8086956521739133,1.0950472589792069,4.655518394648828,0.4073869419805148,10.91350114416476,0.22274247491638796,2.9043478260869566,1.2178449905482043,0.05389221556886228,18,0.7802197802197802,True
2.8086956521739133,1.0950472589792069,4.662876254180603,0.392822451650429,10.926620900076278,0.21872909698996654,2.9043478260869566,1.2178449905482043,0.05389221556886228,18,0.8021978021978022,True
2.8086956521739133,1.0950472589792069,4.623411371237458,0.40606078231787096,11.3720823798627,0.22675585284280936,2.9043478260869566,1.2178449905482043,0.05389221556886228,18,0.8021978021978022,True
2.8086956521739133,1.0950472589792069,4.653511705685619,0.3916824196597352,11.192677345537758,0.22073578595317725,2.9043478260869566,1.2178449905482043,0.05389221556886228,18,0.8021978021978022,True
2.8086956521739133,1.0950472589792069,4.652842809364548,0.3864010469681543,11.181388253241801,0.22274247491638796,2.9043478260869566,1.2178449905482043,0.05389221556886228,18,0.8021978021978022,True
2.8086956521739133,1.0950472589792069,4.65685618729097,0.3819339828413555,10.976048817696414,0.22274247491638796,2.9043478260869566,1.2178449905482043,0.05389221556886228,18,0.8021978021978022,True
2.8086956521739133,1.0950472589792069,4.666889632107023,0.3881459938926862,10.885430968726164,0.22675585284280936,2.9043478260869566,1.2178449905482043,0.05389221556886228,18,0.8021978021978022,True
2.8086956521739133,1.0950472589792069,4.679598662207358,0.37890940817216845,10.782303585049581,0.2247491638795987,2.9043478260869566,1.2178449905482043,0.05389221556886228,18,0.8021978021978022,True
2.8086956521739133,1.0950472589792069,4.65819397993311,0.39233386651156055,10.876887871853548,0.22274247491638796,2.9043478260869566,1.2178449905482043,0.05389221556886228,18,0.7802197802197802,True
2.8086956521739133,1.0950472589792069,4.675585284280936,0.38365566380689314,10.482074752097635,0.2247491638795987,2.9043478260869566,1.2178449905482043,0.05389221556886228,18,0.7802197802197802,True
2.8086956521739133,1.0950472589792069,4.573913043478261,0.4001512287334592,12.633409610983982,0.22274247491638796,2.9043478260869566,1.2178449905482043,0.05389221556886228,18,0.7802197802197802,True
2.8086956521739133,1.0950472589792069,4.642140468227424,0.41076050603460834,10.969641495041953,0.22073578595317728,2.9043478260869566,1.2178449905482043,0.05389221556886228,18,0.7802197802197802,True
2.8086956521739133,1.0950472589792069,4.6635451505016725,0.3978944307110652,10.660869565217391,0.22073578595317728,2.9043478260869566,1.2178449905482043,0.05389221556886228,18,0.8021978021978022,True
2.8086956521739133,1.0950472589792069,4.697658862876255,0.37332557801366917,10.291685736079328,0.22274247491638796,2.9043478260869566,1.2178449905482043,0.05389221556886228,18,0.8021978021978022,True
2.8086956521739133,1.0950472589792069,4.724414715719064,0.3594590664533954,9.922196796338673,0.22073578595317725,2.9043478260869566,1.2178449905482043,0.05389221556886228,18,0.7802197802197802,True
2.8086956521739133,1.0950472589792069,4.671571906354515,0.3884019194416171,10.687109077040427,0.22474916387959867,2.9043478260869566,1.2178449905482043,0.05389221556886228,18,0.8021978021978022,True
2.8086956521739133,1.0950472589792069,4.662876254180603,0.392822451650429,10.808237986270022,0.22073578595317728,2.9043478260869566,1.2178449905482043,0.05389221556886228,18,0.8021978021978022,True
2.8086956521739133,1.0950472589792069,4.71505016722408,0.36176239639377705,9.980167810831427,0.222742474916388,2.9043478260869566,1.2178449905482043,0.05389221556886228,18,0.8021978021978022,True
2.8086956521739133,1.0950472589792069,4.605351170568562,0.4049440162861716,11.891685736079328,0.21872909698996654,2.9043478260869566,1.2178449905482043,0.05389221556886228,18,0.8021978021978022,True
2.8086956521739133,1.0950472589792069,4.608026755852842,0.38856478115457355,11.74553775743707,0.22474916387959867,2.9043478260869566,1.2178449905482043,0.05389221556886228,18,0.7802197802197802,True
2.8086956521739133,1.0950472589792069,4.65886287625418,0.39749890940817184,11.056598016781082,0.22073578595317725,2.9043478260869566,1.2178449905482043,0.05389221556886228,18,0.8021978021978022,True
2.8086956521739133,1.0950472589792069,4.639464882943144,0.3887509088265231,10.962013729977116,0.2247491638795987,2.9043478260869566,1.2178449905482043,0.05389221556886228,18,0.8021978021978022,True
2.8086956521739133,1.0950472589792069,4.68428093645485,0.3788628762541806,10.439664378337147,0.22474916387959867,2.9043478260869566,1.2178449905482043,0.05389221556886228,18,0.7802197802197802,True
2.8086956521739133,1.0950472589792069,4.6401337792642146,0.39428820706703455,11.239359267734553,0.22274247491638796,2.9043478260869566,1.2178449905482043,0.05389221556886228,18,0.8021978021978022,True
2.8086956521739133,1.0950472589792069,4.654180602006689,0.3969405263923219,10.951945080091534,0.22274247491638796,2.9043478260869566,1.2178449905482043,0.05389221556886228,18,0.7802197802197802,True
2.8086956521739133,1.0950472589792069,4.692976588628763,0.37376763123454915,10.360335621662852,0.22274247491638796,2.9043478260869566,1.2178449905482043,0.05389221556886228,18,0.7802197802197802,True
2.8086956521739133,1.0950472589792069,4.632107023411372,0.4030827395666716,11.397101449275363,0.22274247491638796,2.9043478260869566,1.2178449905482043,0.05389221556886228,18,0.8021978021978022,True
2.8086956521739133,1.0950472589792069,4.667558528428093,0.3931481750763412,11.176201372997712,0.22073578595317728,2.9043478260869566,1.2178449905482043,0.05389221556886228,18,0.8021978021978022,True
2.8086956521739133,1.0950472589792069,4.701672240802675,0.3683699287480007,9.897787948131198,0.22474916387959867,2.9043478260869566,1.2178449905482043,0.05389221556886228,18,0.7802197802197802,True
2.8086956521739133,1.0950472589792069,4.666889632107023,0.3881459938926862,10.787185354691076,0.22675585284280936,2.9043478260869566,1.2178449905482043,0.05389221556886228,18,0.8021978021978022,True
2.8086956521739133,1.0950472589792069,4.627424749163879,0.4017333139450344,11.29397406559878,0.22474916387959867,2.9043478260869566,1.2178449905482043,0.05389221556886228,18,0.8021978021978022,True
2.8086956521739133,1.0950472589792069,4.678929765886288,0.3741166206194563,10.445461479786422,0.22474916387959867,2.9043478260869566,1.2178449905482043,0.05389221556886228,18,0.8021978021978022,True
2.8086956521739133,1.0950472589792069,4.700334448160535,0.35959866220735753,10.075972540045766,0.22274247491638796,2.9043478260869566,1.2178449905482043,0.05389221556886228,18,0.7802197802197802,True
2.8086956521739133,1.0950472589792069,4.632107023411371,0.4030827395666713,11.621052631578948,0.22073578595317725,2.9043478260869566,1.2178449905482043,0.05389221556886228,18,0.8021978021978022,True
2.8086956521739133,1.0950472589792069,4.650836120401338,0.4068518249236589,11.015408085430968,0.22274247491638796,2.9043478260869566,1.2178449905482043,0.05389221556886228,18,0.7802197802197802,True
2.8086956521739133,1.0950472589792069,4.65886287625418,0.397498909408172,10.870480549199085,0.22274247491638796,2.9043478260869566,1.2178449905482043,0.05389221556886228,18,0.8021978021978022,True
2.8086956521739133,1.0950472589792069,4.662207357859532,0.38772720663079824,11.092906178489702,0.22274247491638796,2.9043478260869566,1.2178449905482043,0.05389221556886228,18,0.8021978021978022,True
2.8086956521739133,1.0950472589792069,4.624749163879598,0.41767049585575095,11.605186880244089,0.222742474916388,2.9043478260869566,1.2178449905482043,0.05389221556886228,18,0.8021978021978022,True
2.8086956521739133,1.0950472589792069,4.62809364548495,0.4074800058164896,11.567353165522501,0.2187290969899666,2.9043478260869566,1.2178449905482043,0.05389221556886228,18,0.8021978021978022,True
